group	KH6L3_YJ004_16s_0523_23s001536-1-1_Gross_lane1Air1	KH6L3_YJ004_16s_0523_23s001536-1-1_Gross_lane1Air2	KH6L3_YJ004_16s_0523_23s001536-1-1_Gross_lane1AirAS1	KH6L3_YJ004_16s_0523_23s001536-1-1_Gross_lane1AirAS2	KH6L3_YJ004_16s_0523_23s001536-1-1_Gross_lane1Airdw11	KH6L3_YJ004_16s_0523_23s001536-1-1_Gross_lane1Airdw12	KH6L3_YJ004_16s_0523_23s001536-1-1_Gross_lane1Airdw21	KH6L3_YJ004_16s_0523_23s001536-1-1_Gross_lane1Airdw22	KH6L3_YJ004_16s_0523_23s001536-1-1_Gross_lane1Airdw31	KH6L3_YJ004_16s_0523_23s001536-1-1_Gross_lane1Airdw32	KH6L3_YJ004_16s_0523_23s001536-1-1_Gross_lane1AirEff1	KH6L3_YJ004_16s_0523_23s001536-1-1_Gross_lane1AirEff2	KH6L3_YJ004_16s_0523_23s001536-1-1_Gross_lane1AirIn1	KH6L3_YJ004_16s_0523_23s001536-1-1_Gross_lane1AirIn2	KH6L3_YJ004_16s_0523_23s001536-1-1_Gross_lane1Airup11	KH6L3_YJ004_16s_0523_23s001536-1-1_Gross_lane1Airup12	KH6L3_YJ004_16s_0523_23s001536-1-1_Gross_lane1Airup21	KH6L3_YJ004_16s_0523_23s001536-1-1_Gross_lane1Airup22	KH6L3_YJ004_16s_0523_23s001536-1-1_Gross_lane1Alt1	KH6L3_YJ004_16s_0523_23s001536-1-1_Gross_lane1Alt2	KH6L3_YJ004_16s_0523_23s001536-1-1_Gross_lane1AltAS1	KH6L3_YJ004_16s_0523_23s001536-1-1_Gross_lane1AltAS2	KH6L3_YJ004_16s_0523_23s001536-1-1_Gross_lane1AltAtt1	KH6L3_YJ004_16s_0523_23s001536-1-1_Gross_lane1AltAtt2	KH6L3_YJ004_16s_0523_23s001536-1-1_Gross_lane1AltChip1	KH6L3_YJ004_16s_0523_23s001536-1-1_Gross_lane1AltChip2	KH6L3_YJ004_16s_0523_23s001536-1-1_Gross_lane1AltDN1	KH6L3_YJ004_16s_0523_23s001536-1-1_Gross_lane1AltDN2	KH6L3_YJ004_16s_0523_23s001536-1-1_Gross_lane1Altdw11	KH6L3_YJ004_16s_0523_23s001536-1-1_Gross_lane1Altdw13	KH6L3_YJ004_16s_0523_23s001536-1-1_Gross_lane1Altdw21	KH6L3_YJ004_16s_0523_23s001536-1-1_Gross_lane1Altdw22	KH6L3_YJ004_16s_0523_23s001536-1-1_Gross_lane1Altdw31	KH6L3_YJ004_16s_0523_23s001536-1-1_Gross_lane1Altdw32	KH6L3_YJ004_16s_0523_23s001536-1-1_Gross_lane1AltEff1	KH6L3_YJ004_16s_0523_23s001536-1-1_Gross_lane1AltEff2	KH6L3_YJ004_16s_0523_23s001536-1-1_Gross_lane1AltIn1	KH6L3_YJ004_16s_0523_23s001536-1-1_Gross_lane1AltIn2	KH6L3_YJ004_16s_0523_23s001536-1-1_Gross_lane1AltSS1	KH6L3_YJ004_16s_0523_23s001536-1-1_Gross_lane1AltSS2	KH6L3_YJ004_16s_0523_23s001536-1-1_Gross_lane1Altup11	KH6L3_YJ004_16s_0523_23s001536-1-1_Gross_lane1Altup12	KH6L3_YJ004_16s_0523_23s001536-1-1_Gross_lane1Altup21	KH6L3_YJ004_16s_0523_23s001536-1-1_Gross_lane1Altup23	KH6L3_YJ004_16s_0523_23s001536-1-1_Gross_lane1Bir1	KH6L3_YJ004_16s_0523_23s001536-1-1_Gross_lane1Bir2	KH6L3_YJ004_16s_0523_23s001536-1-1_Gross_lane1BirAS1	KH6L3_YJ004_16s_0523_23s001536-1-1_Gross_lane1BirAS2	KH6L3_YJ004_16s_0523_23s001536-1-1_Gross_lane1Birdw11	KH6L3_YJ004_16s_0523_23s001536-1-1_Gross_lane1Birdw12	KH6L3_YJ004_16s_0523_23s001536-1-1_Gross_lane1Birdw21	KH6L3_YJ004_16s_0523_23s001536-1-1_Gross_lane1Birdw22	KH6L3_YJ004_16s_0523_23s001536-1-1_Gross_lane1Birdw31	KH6L3_YJ004_16s_0523_23s001536-1-1_Gross_lane1Birdw32	KH6L3_YJ004_16s_0523_23s001536-1-1_Gross_lane1BirEff1	KH6L3_YJ004_16s_0523_23s001536-1-1_Gross_lane1BirEff2	KH6L3_YJ004_16s_0523_23s001536-1-1_Gross_lane1BirIn1	KH6L3_YJ004_16s_0523_23s001536-1-1_Gross_lane1BirIn2	KH6L3_YJ004_16s_0523_23s001536-1-1_Gross_lane1Birup11	KH6L3_YJ004_16s_0523_23s001536-1-1_Gross_lane1Birup12	KH6L3_YJ004_16s_0523_23s001536-1-1_Gross_lane1Birup21	KH6L3_YJ004_16s_0523_23s001536-1-1_Gross_lane1Birup22	KH6L3_YJ004_16s_0523_23s001536-1-1_Gross_lane1Ehr2	KH6L3_YJ004_16s_0523_23s001536-1-1_Gross_lane1EhrAS1	KH6L3_YJ004_16s_0523_23s001536-1-1_Gross_lane1EhrAS2	KH6L3_YJ004_16s_0523_23s001536-1-1_Gross_lane1EhrAtt1	KH6L3_YJ004_16s_0523_23s001536-1-1_Gross_lane1EhrChip1	KH6L3_YJ004_16s_0523_23s001536-1-1_Gross_lane1EhrChip2	KH6L3_YJ004_16s_0523_23s001536-1-1_Gross_lane1EhrDN1	KH6L3_YJ004_16s_0523_23s001536-1-1_Gross_lane1EhrDN2	KH6L3_YJ004_16s_0523_23s001536-1-1_Gross_lane1Ehrdw11	KH6L3_YJ004_16s_0523_23s001536-1-1_Gross_lane1Ehrdw12	KH6L3_YJ004_16s_0523_23s001536-1-1_Gross_lane1Ehrdw21	KH6L3_YJ004_16s_0523_23s001536-1-1_Gross_lane1Ehrdw22	KH6L3_YJ004_16s_0523_23s001536-1-1_Gross_lane1Ehrdw31	KH6L3_YJ004_16s_0523_23s001536-1-1_Gross_lane1Ehrdw32	KH6L3_YJ004_16s_0523_23s001536-1-1_Gross_lane1EhrEff1	KH6L3_YJ004_16s_0523_23s001536-1-1_Gross_lane1EhrEff2	KH6L3_YJ004_16s_0523_23s001536-1-1_Gross_lane1EhrIn1	KH6L3_YJ004_16s_0523_23s001536-1-1_Gross_lane1EhrIn2	KH6L3_YJ004_16s_0523_23s001536-1-1_Gross_lane1EhrSS1	KH6L3_YJ004_16s_0523_23s001536-1-1_Gross_lane1EhrSS2	KH6L3_YJ004_16s_0523_23s001536-1-1_Gross_lane1Ehrup11	KH6L3_YJ004_16s_0523_23s001536-1-1_Gross_lane1Ehrup12	KH6L3_YJ004_16s_0523_23s001536-1-1_Gross_lane1Ehrup21	KH6L3_YJ004_16s_0523_23s001536-1-1_Gross_lane1Ehrup22	KH6L3_YJ004_16s_0523_23s001536-1-1_Gross_lane1Kol2	KH6L3_YJ004_16s_0523_23s001536-1-1_Gross_lane1KolAS1	KH6L3_YJ004_16s_0523_23s001536-1-1_Gross_lane1KolAS2	KH6L3_YJ004_16s_0523_23s001536-1-1_Gross_lane1Koldw11	KH6L3_YJ004_16s_0523_23s001536-1-1_Gross_lane1Koldw12	KH6L3_YJ004_16s_0523_23s001536-1-1_Gross_lane1Koldw21	KH6L3_YJ004_16s_0523_23s001536-1-1_Gross_lane1Koldw22	KH6L3_YJ004_16s_0523_23s001536-1-1_Gross_lane1Koldw31	KH6L3_YJ004_16s_0523_23s001536-1-1_Gross_lane1Koldw32	KH6L3_YJ004_16s_0523_23s001536-1-1_Gross_lane1KolEff1	KH6L3_YJ004_16s_0523_23s001536-1-1_Gross_lane1KolEff2	KH6L3_YJ004_16s_0523_23s001536-1-1_Gross_lane1KolIn1	KH6L3_YJ004_16s_0523_23s001536-1-1_Gross_lane1KolIn2	KH6L3_YJ004_16s_0523_23s001536-1-1_Gross_lane1Kolup11	KH6L3_YJ004_16s_0523_23s001536-1-1_Gross_lane1Kolup12	KH6L3_YJ004_16s_0523_23s001536-1-1_Gross_lane1Kolup21	KH6L3_YJ004_16s_0523_23s001536-1-1_Gross_lane1Kolup22	KH6L3_YJ004_16s_0523_23s001536-1-1_Gross_lane1Oli1	KH6L3_YJ004_16s_0523_23s001536-1-1_Gross_lane1Oli2	KH6L3_YJ004_16s_0523_23s001536-1-1_Gross_lane1OliAS1	KH6L3_YJ004_16s_0523_23s001536-1-1_Gross_lane1OliAS2	KH6L3_YJ004_16s_0523_23s001536-1-1_Gross_lane1Olidw11	KH6L3_YJ004_16s_0523_23s001536-1-1_Gross_lane1Olidw12	KH6L3_YJ004_16s_0523_23s001536-1-1_Gross_lane1Olidw21	KH6L3_YJ004_16s_0523_23s001536-1-1_Gross_lane1Olidw22	KH6L3_YJ004_16s_0523_23s001536-1-1_Gross_lane1Olidw31	KH6L3_YJ004_16s_0523_23s001536-1-1_Gross_lane1Olidw32	KH6L3_YJ004_16s_0523_23s001536-1-1_Gross_lane1OliEff1	KH6L3_YJ004_16s_0523_23s001536-1-1_Gross_lane1OliEff2	KH6L3_YJ004_16s_0523_23s001536-1-1_Gross_lane1OliIn1	KH6L3_YJ004_16s_0523_23s001536-1-1_Gross_lane1OliIn2	KH6L3_YJ004_16s_0523_23s001536-1-1_Gross_lane1Oliup11	KH6L3_YJ004_16s_0523_23s001536-1-1_Gross_lane1Oliup12	KH6L3_YJ004_16s_0523_23s001536-1-1_Gross_lane1Oliup21	KH6L3_YJ004_16s_0523_23s001536-1-1_Gross_lane1Oliup22
methanotrophy	0	0	0	0	0	0	0	0	0	0	0	0	0	0	0	0	0	0	0	0	0	0	0	0	0	0	0	0	0	0	336	0	333	197	0	0	0	0	0	0	72	0	74	174	0	0	0	0	0	0	0	0	0	0	0	0	0	0	0	0	0	0	0	0	0	0	0	0	0	0	0	0	0	0	0	0	0	0	0	0	0	0	0	23	0	0	0	0	0	0	0	0	0	0	0	0	0	0	0	0	0	0	0	0	0	0	0	0	0	0	0	0	0	0	0	0	0	0	0	0	0
acetoclastic_methanogenesis	0	0	0	0	0	0	0	0	0	0	0	0	0	0	0	0	0	0	0	0	0	0	0	0	0	0	0	0	0	0	0	0	0	0	0	0	0	0	0	0	0	0	0	0	0	0	0	0	0	0	0	0	0	0	0	0	0	0	0	0	0	0	0	0	0	0	0	0	0	0	0	0	0	0	0	0	0	0	0	0	0	0	0	0	0	0	0	0	0	0	0	0	0	0	0	0	0	0	0	0	0	0	0	0	0	0	0	0	0	0	0	0	0	0	0	0	0	0	0	0	0
methanogenesis_by_disproportionation_of_methyl_groups	0	0	0	0	0	0	0	0	0	0	0	0	0	0	0	0	0	0	0	0	0	0	0	0	0	0	0	0	0	0	0	0	0	0	0	0	0	0	0	0	0	0	0	0	0	0	0	0	0	0	0	0	0	0	0	0	0	0	0	0	0	0	0	0	0	0	0	0	0	0	0	0	0	0	0	0	0	0	0	0	0	0	0	0	0	0	0	0	0	0	0	0	0	0	0	0	0	0	0	0	0	0	0	0	0	0	0	0	0	0	0	0	0	0	0	0	0	0	0	0	0
methanogenesis_using_formate	0	0	0	0	0	0	0	0	0	0	0	0	0	0	0	0	0	0	0	0	0	0	0	0	0	0	0	0	0	0	0	0	0	0	0	0	0	0	0	0	0	0	0	0	0	0	0	0	0	0	0	0	0	0	0	0	0	0	0	0	0	0	0	0	0	0	0	0	0	0	0	0	0	0	0	0	0	0	0	0	0	0	0	0	0	0	0	0	0	0	0	0	0	0	0	0	0	0	0	0	0	0	0	0	0	0	0	0	0	0	0	0	0	0	0	0	0	0	0	0	0
methanogenesis_by_CO2_reduction_with_H2	0	0	0	0	0	0	0	0	0	0	0	0	23	0	0	0	0	0	0	0	0	28	0	44	0	0	0	52	0	0	0	0	0	0	0	0	0	0	0	0	0	0	0	0	0	0	0	24	0	0	0	0	0	0	38	0	0	0	0	0	0	0	36	0	0	0	29	0	40	0	0	0	0	0	0	0	0	0	18	0	0	0	0	0	0	0	0	0	19	0	0	0	0	0	0	17	0	0	0	0	0	0	0	25	0	25	29	0	0	0	0	0	0	0	0	0	0	0	0	0	0
methanogenesis_by_reduction_of_methyl_compounds_with_H2	0	0	0	0	0	0	0	0	0	0	0	0	0	0	0	0	0	0	0	0	0	0	0	0	0	0	0	0	0	0	0	0	0	0	0	0	0	0	0	0	0	0	0	0	0	0	0	0	0	0	0	0	0	0	0	0	0	0	0	0	0	0	0	0	0	0	0	0	0	0	0	0	0	0	0	0	0	0	0	0	0	0	0	0	0	0	0	0	0	0	0	0	0	0	0	0	0	0	0	0	0	0	0	0	0	0	0	0	0	0	0	0	0	0	0	0	0	0	0	0	0
hydrogenotrophic_methanogenesis	0	0	0	0	0	0	0	0	0	0	0	0	23	0	0	0	0	0	0	0	0	28	0	44	0	0	0	52	0	0	0	0	0	0	0	0	0	0	0	0	0	0	0	0	0	0	0	24	0	0	0	0	0	0	38	0	0	0	0	0	0	0	36	0	0	0	29	0	40	0	0	0	0	0	0	0	0	0	18	0	0	0	0	0	0	0	0	0	19	0	0	0	0	0	0	17	0	0	0	0	0	0	0	25	0	25	29	0	0	0	0	0	0	0	0	0	0	0	0	0	0
methanogenesis	0	0	0	0	0	0	0	0	0	0	0	0	23	0	0	0	0	0	0	0	0	28	0	44	0	0	0	52	0	0	0	0	0	0	0	0	0	0	0	0	0	0	0	0	0	0	0	24	0	0	0	0	0	0	38	0	0	0	0	0	0	0	36	0	0	0	29	0	40	0	0	0	0	0	0	0	0	0	18	0	0	0	0	0	0	0	0	0	19	0	0	0	0	0	0	17	0	0	0	0	0	0	0	25	0	25	29	0	0	0	0	0	0	0	0	0	0	0	0	0	0
methanol_oxidation	0	0	0	0	0	0	0	105	0	0	0	0	0	0	0	565	290	360	0	0	0	158	0	0	0	0	0	223	166	0	107	0	0	0	92	0	0	548	0	0	134	404	148	0	0	0	0	0	0	0	0	0	69	0	259	0	111	211	62	0	0	0	0	0	0	0	0	0	0	0	148	344	0	0	104	0	0	0	654	506	0	0	118	0	0	192	0	0	0	0	0	0	0	0	146	1717	1484	403	0	0	89	305	0	0	0	0	0	0	0	75	0	0	0	0	0	168	0	0	0	0	0
methylotrophy	0	0	0	0	0	0	0	105	0	0	0	0	0	0	0	565	290	360	0	0	0	158	0	0	0	0	0	223	166	0	443	0	333	197	92	0	0	548	0	0	206	404	222	174	0	0	0	0	0	0	0	0	69	0	259	0	111	211	62	0	0	0	0	0	0	0	0	0	0	0	148	344	0	0	104	0	0	0	654	506	0	0	118	23	0	192	0	0	0	0	0	0	0	0	146	1717	1484	403	0	0	89	305	0	0	0	0	0	0	0	75	0	0	0	0	0	168	0	0	0	0	0
aerobic_ammonia_oxidation	196	0	177	121	0	0	147	0	0	0	0	0	0	0	0	0	0	0	64	282	811	1266	828	920	194	1129	1102	1790	0	0	25	0	0	0	651	193	0	0	579	576	0	0	0	0	127	136	847	901	0	0	0	0	0	0	526	0	123	0	0	0	0	220	0	87	65	426	0	0	581	160	71	0	0	0	0	0	232	231	0	0	460	60	55	0	266	0	137	143	549	0	0	0	0	0	0	234	141	0	0	0	0	65	48	0	76	0	136	0	0	0	0	0	0	0	75	0	0	0	0	0	0
aerobic_nitrite_oxidation	0	0	0	0	0	0	0	0	0	0	0	0	0	0	0	0	0	0	0	0	0	0	0	0	0	0	0	0	0	0	0	0	0	0	289	0	0	0	0	0	0	0	0	0	0	0	0	0	0	0	0	0	0	0	0	0	0	0	0	0	0	0	0	0	0	0	0	0	0	0	0	0	0	0	0	0	0	0	0	0	0	0	0	0	0	0	0	0	0	0	0	0	0	0	0	0	0	0	0	0	0	0	0	363	348	0	0	0	0	0	0	0	0	0	137	0	0	0	0	0	0
nitrification	196	0	177	121	0	0	147	0	0	0	0	0	0	0	0	0	0	0	64	282	811	1266	828	920	194	1129	1102	1790	0	0	25	0	0	0	940	193	0	0	579	576	0	0	0	0	127	136	847	901	0	0	0	0	0	0	526	0	123	0	0	0	0	220	0	87	65	426	0	0	581	160	71	0	0	0	0	0	232	231	0	0	460	60	55	0	266	0	137	143	549	0	0	0	0	0	0	234	141	0	0	0	0	65	48	363	424	0	136	0	0	0	0	0	0	0	212	0	0	0	0	0	0
sulfate_respiration	0	0	0	0	0	0	0	0	0	0	0	0	0	0	0	0	0	0	0	0	0	0	0	0	0	0	0	0	0	0	0	0	0	0	0	0	455	968	0	0	0	0	0	0	0	0	0	0	0	0	0	0	0	0	0	0	0	29	0	0	0	0	0	0	0	0	0	0	0	0	0	0	0	0	0	0	0	0	705	732	0	0	0	0	0	0	0	0	0	0	0	0	0	0	0	0	0	0	142	0	0	0	0	0	0	0	0	0	0	0	0	0	0	0	0	0	0	0	0	0	0
sulfur_respiration	0	0	0	0	0	0	0	0	0	0	0	0	0	0	0	0	0	0	0	0	0	0	0	0	0	0	0	0	0	0	0	0	0	0	0	0	0	0	0	0	0	0	0	0	0	0	0	0	0	0	0	0	0	0	0	0	0	0	0	0	0	0	0	0	0	0	0	0	0	0	0	0	0	0	0	0	0	0	0	0	0	0	0	0	0	0	0	0	0	0	0	0	0	0	0	0	0	0	0	0	0	0	0	0	0	0	0	0	0	0	0	0	0	0	0	0	0	0	0	0	0
dark_sulfite_oxidation	0	0	0	0	0	0	0	0	0	0	0	0	0	0	0	0	0	0	0	0	0	0	0	0	0	0	0	0	0	0	0	0	0	0	0	0	0	0	0	0	0	0	0	0	0	0	0	0	0	0	0	0	0	0	0	0	0	0	0	0	0	0	0	0	0	0	0	0	0	0	0	0	0	0	0	0	0	0	0	0	0	0	0	0	0	0	0	0	0	0	0	0	0	0	0	0	0	0	0	0	0	0	0	0	0	0	0	0	0	0	0	0	0	0	0	0	0	0	0	0	0
sulfite_respiration	0	0	0	0	0	0	0	0	0	0	0	0	0	0	0	0	0	0	0	0	0	0	0	0	0	0	0	0	0	0	0	0	0	0	0	0	115	445	0	0	0	0	0	0	0	0	0	0	0	0	0	0	0	0	0	0	0	29	0	0	0	0	0	0	0	0	0	0	0	0	0	0	0	0	0	0	0	0	19	386	0	0	0	0	0	0	0	0	0	0	0	0	0	0	0	0	0	0	0	0	0	0	0	0	0	0	0	0	0	0	0	0	0	0	0	0	0	0	0	0	0
thiosulfate_respiration	0	0	0	0	0	0	0	0	0	0	0	0	0	0	0	0	0	0	0	0	79	62	0	0	0	0	0	0	0	0	0	0	0	0	0	0	309	708	0	0	0	0	0	0	0	0	0	0	0	0	0	0	0	0	0	0	0	0	0	0	0	0	0	0	0	0	0	0	0	0	0	0	0	0	0	0	0	0	593	541	0	0	0	0	0	0	0	0	0	0	0	0	0	0	0	0	0	0	0	0	0	0	0	0	0	0	0	0	0	0	0	0	0	0	0	0	0	0	0	0	0
respiration_of_sulfur_compounds	0	0	0	0	0	0	0	0	0	0	0	0	0	0	0	0	0	0	0	0	79	62	0	0	0	0	0	0	0	0	0	0	0	0	0	0	649	1676	0	0	0	0	0	0	0	0	0	0	0	0	0	0	0	0	0	0	0	29	0	0	0	0	0	0	0	0	0	0	0	0	0	0	0	0	0	0	0	0	1279	1273	0	0	0	0	0	0	0	0	0	0	0	0	0	0	0	0	0	0	142	0	0	0	0	0	0	0	0	0	0	0	0	0	0	0	0	0	0	0	0	0	0
arsenate_detoxification	0	0	0	0	0	0	0	0	0	0	0	0	0	0	0	0	0	0	0	0	0	0	0	0	0	0	0	0	0	0	0	0	0	0	0	0	0	0	0	0	0	0	0	0	0	0	0	0	0	0	0	0	0	0	0	0	0	0	0	0	0	0	0	0	0	0	0	0	0	0	0	0	0	0	0	0	0	0	0	0	0	0	0	0	0	0	0	0	0	0	0	0	0	0	0	0	0	0	0	0	0	0	0	0	0	0	0	0	0	0	0	0	0	0	0	0	0	0	0	0	0
arsenate_respiration	0	0	0	0	0	0	0	0	0	0	0	0	0	0	0	0	0	0	0	0	0	0	0	0	0	0	0	0	0	0	0	0	0	0	0	0	0	0	0	0	0	0	0	0	0	0	0	0	0	0	0	0	0	0	0	0	0	0	0	0	0	0	0	0	0	0	0	0	0	0	0	0	0	0	0	0	0	0	0	0	0	0	0	0	0	0	0	0	0	0	0	0	0	0	0	0	0	0	0	0	0	0	0	0	0	0	0	0	0	0	0	0	0	0	0	0	0	0	0	0	0
dissimilatory_arsenate_reduction	0	0	0	0	0	0	0	0	0	0	0	0	0	0	0	0	0	0	0	0	0	0	0	0	0	0	0	0	0	0	0	0	0	0	0	0	0	0	0	0	0	0	0	0	0	0	0	0	0	0	0	0	0	0	0	0	0	0	0	0	0	0	0	0	0	0	0	0	0	0	0	0	0	0	0	0	0	0	0	0	0	0	0	0	0	0	0	0	0	0	0	0	0	0	0	0	0	0	0	0	0	0	0	0	0	0	0	0	0	0	0	0	0	0	0	0	0	0	0	0	0
arsenite_oxidation_detoxification	0	0	0	0	0	0	0	0	0	0	0	0	0	0	0	0	0	0	0	0	0	0	0	0	0	0	0	0	0	0	0	0	0	0	0	0	0	0	0	0	0	0	0	0	0	0	0	0	0	0	0	0	0	0	0	0	0	0	0	0	0	0	0	0	0	0	0	0	0	0	0	0	0	0	0	0	0	0	0	0	0	0	0	0	0	0	0	0	0	0	0	0	0	0	0	0	0	0	0	0	0	0	0	0	0	0	0	0	0	0	0	0	0	0	0	0	0	0	0	0	0
arsenite_oxidation_energy_yielding	0	0	0	0	0	0	0	0	0	0	0	0	0	0	0	0	0	0	0	0	0	0	0	0	0	0	0	0	0	0	0	0	0	0	0	0	0	0	0	0	0	0	0	0	0	0	0	0	0	0	0	0	0	0	0	0	0	0	0	0	0	0	0	0	0	0	0	0	0	0	0	0	0	0	0	0	0	0	0	0	0	0	0	0	0	0	0	0	0	0	0	0	0	0	0	0	0	0	0	0	0	0	0	0	0	0	0	0	0	0	0	0	0	0	0	0	0	0	0	0	0
dissimilatory_arsenite_oxidation	0	0	0	0	0	0	0	0	0	0	0	0	0	0	0	0	0	0	0	0	0	0	0	0	0	0	0	0	0	0	0	0	0	0	0	0	0	0	0	0	0	0	0	0	0	0	0	0	0	0	0	0	0	0	0	0	0	0	0	0	0	0	0	0	0	0	0	0	0	0	0	0	0	0	0	0	0	0	0	0	0	0	0	0	0	0	0	0	0	0	0	0	0	0	0	0	0	0	0	0	0	0	0	0	0	0	0	0	0	0	0	0	0	0	0	0	0	0	0	0	0
anammox	0	0	0	0	0	0	0	0	0	0	0	0	0	0	0	0	0	0	0	109	0	0	0	0	0	400	0	0	0	0	0	0	0	0	0	0	0	0	0	0	0	0	0	0	0	0	0	0	0	0	0	0	0	0	0	0	0	0	0	0	0	0	0	0	0	0	0	0	0	0	0	0	0	0	0	0	0	0	0	0	0	0	0	0	0	0	0	0	0	0	0	0	0	0	0	0	0	0	0	0	0	0	0	0	0	0	0	0	0	0	0	0	0	0	0	0	0	0	0	0	0
nitrate_denitrification	0	0	0	0	0	0	0	0	0	0	0	298	609	547	0	0	0	0	0	0	1035	1159	1111	1294	0	0	1012	1191	0	255	0	132	278	268	851	290	1363	1703	864	762	0	0	0	0	0	0	0	0	0	0	0	0	0	0	0	0	0	0	0	0	0	0	0	199	162	504	0	51	370	0	0	565	349	293	0	310	0	0	1863	1800	553	0	0	0	0	157	0	0	0	0	0	0	0	0	0	0	0	403	244	0	0	0	0	0	0	0	0	0	0	0	0	0	0	201	223	423	424	0	0	0	0
nitrite_denitrification	0	0	0	0	0	0	0	0	0	0	0	298	609	547	0	0	0	0	0	0	1035	1159	1111	1294	0	0	1012	1191	0	255	0	132	278	268	851	290	1363	1703	864	762	0	0	0	0	0	0	0	0	0	0	0	0	0	0	0	0	0	0	0	0	0	0	0	199	162	504	0	51	370	0	0	565	349	293	0	310	0	0	1863	1800	553	0	0	0	0	157	0	0	0	0	0	0	0	0	0	0	0	403	244	0	0	0	0	0	0	0	0	0	0	0	0	0	0	201	223	423	424	0	0	0	0
nitrous_oxide_denitrification	0	0	0	0	0	0	0	0	0	0	0	0	0	0	0	0	0	0	0	0	0	0	0	0	0	0	0	0	0	0	0	0	0	0	0	0	0	0	0	0	0	0	0	0	0	0	0	0	0	0	0	0	0	0	0	0	0	0	0	0	0	0	0	0	0	0	0	0	0	0	0	0	0	0	0	0	0	0	0	0	0	0	0	0	0	0	0	0	0	0	0	0	0	0	0	0	0	0	0	0	0	0	0	0	0	0	0	0	0	0	0	0	0	0	0	0	0	0	0	0	0
denitrification	0	0	0	0	0	0	0	0	0	0	0	298	609	547	0	0	0	0	0	0	1035	1159	1111	1294	0	0	1012	1191	0	255	0	132	278	268	851	290	1363	1703	864	762	0	0	0	0	0	0	0	0	0	0	0	0	0	0	0	0	0	0	0	0	0	0	0	199	162	504	0	51	370	0	0	565	349	293	0	310	0	0	1863	1800	553	0	0	0	0	157	0	0	0	0	0	0	0	0	0	0	0	403	244	0	0	0	0	0	0	0	0	0	0	0	0	0	0	201	223	423	424	0	0	0	0
chitinolysis	0	0	0	0	316	0	0	0	0	179	0	0	0	0	633	728	131	0	0	0	0	0	0	0	0	0	0	0	0	0	0	0	0	0	0	0	0	0	0	0	230	273	0	278	0	0	0	121	0	0	0	0	0	0	0	0	0	0	0	0	71	0	0	0	0	0	0	0	0	0	724	689	276	0	0	0	0	0	0	157	0	0	580	88	650	435	0	0	0	0	0	0	0	0	0	0	0	0	0	0	0	35	0	0	0	0	0	509	0	264	0	458	0	0	0	0	0	0	1597	0	473
knallgas_bacteria	0	0	0	0	0	0	0	0	0	0	0	0	0	0	0	0	0	0	0	0	0	0	0	0	0	0	0	0	0	0	0	0	0	0	0	0	0	0	0	0	0	0	0	0	0	0	0	0	0	0	0	0	0	0	0	0	0	0	0	0	0	0	0	0	0	0	0	0	0	0	0	0	0	0	0	0	0	0	0	0	0	0	0	0	0	0	0	0	0	0	0	0	0	0	0	0	0	0	0	0	0	0	0	0	0	0	0	0	0	0	0	0	0	0	0	0	0	0	0	0	0
dark_hydrogen_oxidation	0	0	0	0	807	0	637	853	392	518	0	0	23	0	492	877	243	1414	0	0	0	186	0	44	0	0	0	275	562	1066	207	366	282	271	0	0	0	858	0	0	0	0	0	627	0	0	0	24	0	0	0	0	0	610	38	0	0	0	0	0	0	0	36	0	0	0	29	0	239	0	488	859	0	327	0	960	0	0	845	506	198	0	692	303	0	367	0	0	19	0	0	0	0	379	0	17	0	872	0	0	0	0	0	25	0	25	29	563	1008	136	0	0	0	0	0	168	433	326	845	840	830
nitrogen_fixation	204	228	65	0	0	0	53	406	0	0	50	115	271	298	0	0	0	0	0	41	0	0	0	0	0	90	0	0	0	0	0	0	0	0	0	0	0	0	0	0	0	0	0	0	0	92	0	0	0	0	0	0	0	0	0	0	0	0	0	55	0	57	0	0	0	0	0	0	0	0	0	0	0	0	0	0	0	0	0	0	0	0	0	0	0	0	0	0	79	0	0	0	41	0	0	0	0	0	0	0	0	0	0	0	110	0	0	890	784	861	646	867	1426	252	0	0	0	447	317	345	904
nitrate_ammonification	0	0	0	0	0	0	0	0	0	0	0	0	0	0	0	0	0	0	0	0	0	0	0	0	0	0	0	0	0	0	0	0	0	0	0	0	0	0	0	0	0	0	0	0	0	0	0	0	0	0	0	0	0	0	0	0	0	0	0	0	0	0	0	0	0	0	0	0	0	0	0	0	0	0	0	0	0	0	0	0	0	0	0	0	0	0	0	0	0	0	0	0	0	0	0	0	0	0	0	0	0	0	0	0	0	0	0	0	0	0	0	0	0	0	0	0	0	0	0	0	0
nitrite_ammonification	0	0	0	0	0	0	0	0	0	0	0	0	0	0	0	0	0	0	0	0	0	0	0	0	0	0	0	0	0	0	0	0	0	0	0	0	0	0	0	0	0	0	0	0	0	0	0	0	0	0	0	0	0	0	0	0	0	0	0	0	0	0	0	0	0	0	0	0	0	0	0	0	0	0	0	0	0	0	0	0	0	0	0	0	0	0	0	0	0	0	0	0	0	0	0	0	0	0	0	0	0	0	0	0	0	0	0	0	0	0	0	0	0	0	0	0	0	0	0	0	0
nitrite_respiration	0	0	0	0	0	0	0	0	0	0	0	298	609	547	0	0	0	0	0	109	1035	1159	1111	1294	0	400	1012	1191	0	255	0	132	278	268	851	290	1901	2199	864	762	0	0	0	0	0	0	0	0	0	0	0	0	0	0	0	0	0	0	0	0	0	0	0	199	162	504	0	51	370	0	0	565	349	293	0	310	0	0	2355	2940	553	0	0	0	0	157	0	0	0	0	0	0	0	0	0	0	0	659	244	0	0	0	0	0	0	0	0	0	0	0	0	0	0	201	223	549	424	0	0	0	0
cellulolysis	0	0	0	0	0	0	0	0	0	0	0	0	0	0	0	0	0	0	0	0	0	0	0	0	0	0	0	0	0	0	0	0	0	0	0	0	0	0	0	0	0	0	0	0	0	0	0	0	0	0	0	0	0	0	0	0	0	0	0	0	0	0	0	0	0	0	0	0	0	0	0	0	0	0	0	0	0	0	0	0	0	0	0	0	0	0	0	0	0	0	0	0	0	0	0	0	0	0	0	0	0	0	0	0	0	0	0	0	0	0	0	0	0	0	0	0	0	0	0	0	0
xylanolysis	0	0	0	0	0	0	0	0	0	0	0	0	0	0	0	0	0	0	0	0	0	0	0	0	0	0	0	28	0	0	0	0	0	0	0	0	0	0	0	0	0	0	0	0	0	0	0	0	0	0	0	0	0	0	0	0	0	0	0	0	0	0	0	0	0	0	0	0	0	0	0	0	0	0	0	0	0	0	0	0	0	0	0	0	0	0	0	0	0	0	0	0	0	0	0	0	0	0	0	0	0	0	0	57	0	0	99	0	0	0	0	0	0	0	0	0	0	0	0	0	0
dark_sulfide_oxidation	0	0	0	0	0	0	0	0	0	0	0	0	0	0	0	0	0	0	0	0	0	0	0	0	0	0	0	0	0	0	0	0	0	0	464	239	0	0	78	0	0	0	47	0	0	0	0	0	0	0	0	0	0	0	0	0	0	0	0	0	0	0	0	320	214	440	0	0	545	331	0	52	199	195	0	0	542	244	0	0	0	105	0	0	0	0	0	0	0	0	0	0	0	0	0	0	0	0	0	0	0	0	0	0	0	0	0	0	0	0	0	0	0	0	0	0	0	0	0	0	0
dark_sulfur_oxidation	0	0	0	0	0	0	0	0	0	0	0	0	0	0	0	0	0	0	0	0	0	0	0	0	0	0	0	0	0	0	0	0	0	0	0	0	0	0	0	0	0	0	0	0	0	0	0	0	0	0	0	0	0	0	0	0	0	0	0	0	0	0	0	0	0	0	0	0	0	0	0	0	0	0	0	0	0	0	0	0	0	0	0	0	0	0	0	0	0	0	0	0	0	0	0	0	0	0	0	0	0	0	0	0	0	0	0	0	0	0	0	0	0	0	0	0	0	0	0	0	0
dark_thiosulfate_oxidation	0	0	0	0	0	0	0	0	0	0	0	0	0	0	0	0	0	0	0	0	0	0	0	0	0	0	0	0	0	0	0	0	0	0	0	0	0	0	0	0	0	0	0	0	0	0	0	0	0	0	0	0	0	0	0	0	0	0	0	0	0	0	0	0	0	0	0	0	0	0	0	0	0	0	0	0	0	0	0	0	0	0	0	0	0	0	0	0	0	0	0	0	0	0	0	0	0	0	0	0	0	0	0	0	0	0	0	0	0	0	0	0	0	0	0	0	0	0	0	0	0
dark_oxidation_of_sulfur_compounds	0	0	0	0	0	0	0	103	0	0	0	0	0	0	0	0	0	0	0	0	0	0	0	0	0	0	0	0	241	0	105	0	0	0	464	239	0	0	78	0	283	207	47	169	0	0	0	0	0	0	0	0	0	59	0	0	0	0	0	0	0	34	0	320	214	440	0	0	545	331	0	52	199	195	0	0	542	244	0	0	0	105	0	0	0	0	0	0	0	0	0	0	0	0	0	0	0	0	0	0	0	0	0	0	0	0	0	0	0	0	0	0	0	0	0	0	0	0	0	0	0
manganese_oxidation	0	0	0	0	0	0	0	0	0	0	0	0	0	0	0	0	0	0	0	0	535	523	531	601	0	0	467	644	0	0	0	0	0	0	0	0	0	0	449	440	0	0	0	0	0	0	0	0	0	0	0	0	0	0	0	0	0	0	0	0	0	0	0	0	0	0	0	0	0	0	0	0	0	0	0	0	0	0	0	0	0	0	0	0	0	0	0	0	0	0	0	0	0	0	0	0	0	0	0	0	0	0	0	0	0	0	0	0	0	0	0	0	0	0	0	0	0	0	0	0	0
manganese_respiration	0	0	0	0	0	0	0	0	0	0	0	0	0	0	0	0	0	0	0	0	0	0	0	0	0	0	0	0	0	0	0	0	0	0	0	0	0	0	0	0	0	0	0	0	0	0	0	0	0	0	0	0	0	0	0	0	0	0	0	0	0	0	0	0	0	0	0	0	0	0	0	0	0	0	0	0	0	0	0	0	0	0	0	0	0	0	0	0	0	0	0	0	0	0	0	0	0	0	0	0	0	0	0	0	0	0	0	0	0	0	0	0	0	0	0	0	0	0	0	0	0
ligninolysis	0	0	0	0	0	0	0	0	0	0	177	0	81	0	0	0	0	0	0	0	0	0	0	0	0	0	0	0	0	0	0	0	0	0	0	0	0	0	0	0	0	0	0	0	0	0	0	0	0	0	0	0	0	0	0	0	0	0	0	0	0	0	0	0	0	0	0	0	0	0	0	0	0	0	0	0	0	0	0	0	0	0	0	0	0	0	0	0	0	0	0	0	0	0	0	0	0	0	0	0	0	0	0	0	0	0	380	0	0	152	63	0	0	754	0	250	225	0	0	0	0
fermentation	1566	1589	798	520	2543	2437	1183	3908	1096	1737	2810	941	10086	9620	2748	2366	3334	2654	124	0	2252	2506	2124	3104	315	1019	1851	4078	6899	7189	7711	837	7635	5456	2166	1000	4084	9051	2609	2821	6531	6000	5441	8800	652	624	1775	1651	911	2750	1240	1022	29	179	1942	642	2532	5006	69	82	305	599	670	413	489	1595	1828	110	1012	523	4266	2075	4796	2302	5543	8133	875	433	7862	6853	1500	432	5571	2053	1721	1167	546	227	1199	709	774	528	176	422	938	968	855	5403	2751	409	0	621	210	3113	3325	2939	3042	5330	4987	3636	2382	1891	2350	2902	2709	3714	5646	5083	8123	787	2396
aerobic_chemoheterotrophy	4530	3739	2677	1466	8456	4093	4669	11756	1790	5193	4066	8842	6666	7238	6905	7669	6256	7246	110	146	6496	6895	6397	9974	56	369	7072	10633	10506	7359	7946	1870	8384	5020	8762	4250	4470	7800	8635	8019	6805	6211	5837	7917	292	182	1032	2464	4128	6206	3818	4390	1654	5646	5656	2120	7994	17613	5044	6657	4375	6304	1581	1248	1063	4276	1072	151	3030	1290	8191	6187	4207	1993	4791	11402	3840	2215	8049	9368	4761	809	7214	3348	5489	6354	407	976	4961	2989	2643	4891	2204	7256	7986	4383	4550	12578	3162	2222	1177	2736	2388	3678	4294	5812	6602	12491	14022	10266	6317	9433	12598	5249	6072	9094	13499	10703	12486	4508	11045
invertebrate_parasites	0	0	0	0	0	0	0	0	0	0	0	0	0	0	0	0	0	0	0	0	0	0	0	0	0	0	0	0	0	0	0	0	0	0	0	0	0	0	0	0	0	0	0	0	0	0	0	0	0	0	0	0	0	0	0	0	0	0	0	0	0	0	0	0	0	0	0	0	0	0	0	0	0	0	0	0	0	0	0	0	0	0	0	0	0	0	0	0	0	0	0	0	0	0	0	0	0	0	0	0	0	0	0	0	0	0	0	0	0	0	0	0	0	0	0	0	0	0	0	0	0
human_pathogens_septicemia	0	0	0	0	0	0	0	0	0	0	0	0	0	0	0	0	0	0	0	0	0	0	0	0	0	0	0	0	0	0	0	0	0	0	0	0	0	0	0	0	0	0	0	0	0	0	0	0	0	0	0	0	0	0	0	0	0	0	0	0	0	0	0	0	0	0	0	0	0	0	0	0	0	0	0	0	0	0	0	0	0	0	0	0	0	0	0	0	0	0	0	0	0	0	0	0	0	0	0	0	0	0	0	0	0	0	0	0	0	0	0	0	0	0	0	0	0	0	0	0	0
human_pathogens_pneumonia	0	0	0	0	0	0	0	0	0	0	0	0	0	0	0	0	0	0	0	0	0	0	0	0	0	0	0	0	0	0	0	0	0	0	0	0	0	0	0	0	0	0	0	0	0	0	0	0	0	0	0	0	0	0	0	0	0	0	0	0	0	0	0	0	0	0	0	0	0	0	0	0	0	0	0	0	0	0	0	0	0	0	0	0	0	0	0	0	0	0	0	0	0	0	0	0	0	0	0	0	0	0	0	0	0	0	0	0	0	0	0	0	0	0	0	0	0	0	0	0	0
human_pathogens_nosocomia	12	22	39	0	0	0	0	0	0	0	0	0	0	0	0	0	0	0	0	0	0	0	0	0	0	0	0	0	0	0	12	0	0	0	0	0	0	0	0	0	0	0	0	0	0	0	0	0	0	0	0	0	0	0	0	0	0	0	0	0	0	0	0	0	0	0	0	0	0	0	0	0	0	0	0	0	0	0	0	0	0	0	0	0	0	0	0	0	0	0	0	0	0	0	0	0	0	0	0	0	0	0	0	0	0	0	0	0	0	0	0	0	0	0	0	0	0	0	0	0	0
human_pathogens_meningitis	0	0	0	0	0	0	0	0	0	0	0	0	0	0	0	0	0	0	0	0	0	0	0	0	0	0	0	0	0	0	0	0	0	0	0	0	0	0	0	0	0	0	0	0	0	0	0	0	0	0	0	0	0	0	0	0	0	0	0	0	0	0	0	0	0	0	0	0	0	0	0	0	0	0	0	0	0	0	0	0	0	0	0	0	0	0	0	0	0	0	0	0	0	0	0	0	0	0	0	0	0	0	0	0	0	0	0	0	0	0	0	0	0	0	0	0	0	0	0	0	0
human_pathogens_gastroenteritis	0	0	0	0	0	0	0	0	0	0	0	0	0	0	0	0	0	0	0	0	0	0	0	0	0	0	0	0	0	0	0	0	0	0	0	0	0	0	0	0	0	0	0	0	0	0	0	0	0	0	0	0	0	0	0	0	0	0	0	0	0	0	0	0	0	0	0	0	0	0	0	0	0	0	0	0	0	0	0	0	0	0	0	0	0	0	0	0	0	0	0	0	0	0	0	0	0	0	0	0	0	0	0	0	0	0	0	0	0	0	0	0	0	0	0	0	0	0	0	0	0
human_pathogens_diarrhea	0	0	0	0	0	0	0	0	0	0	0	0	0	0	0	0	0	0	0	0	0	0	0	0	0	0	0	0	0	0	0	0	0	0	0	0	0	0	0	0	0	0	0	0	0	0	0	0	0	0	0	0	0	0	0	0	0	0	0	0	0	0	0	0	0	0	0	0	0	0	0	0	0	0	0	0	0	0	0	0	0	0	0	0	0	0	0	0	0	0	0	0	0	0	0	0	0	0	0	0	0	0	0	0	0	0	0	0	0	0	0	0	0	0	0	0	0	0	0	0	0
human_pathogens_all	425	22	200	0	0	0	0	0	0	0	69	207	285	0	0	0	0	0	0	0	61	303	165	0	0	0	71	0	0	81	84	0	0	57	0	0	0	307	71	0	91	0	67	0	0	0	0	0	0	0	0	33	0	0	0	0	34	92	0	0	135	0	67	0	0	0	0	0	0	0	0	0	0	0	0	0	0	0	265	301	0	0	0	0	52	0	0	0	0	0	0	32	0	0	0	0	0	0	0	20	0	0	0	0	283	0	249	0	0	0	0	0	0	115	184	109	0	0	0	0	0
fish_parasites	0	0	0	0	0	0	0	0	0	0	0	0	0	0	0	0	0	0	0	0	0	0	0	0	0	0	0	0	0	0	0	0	0	0	0	0	0	0	0	0	0	0	0	0	0	0	0	0	0	0	0	0	0	0	0	0	0	0	0	0	0	0	0	0	0	0	0	0	0	0	0	0	0	0	0	0	0	0	0	0	0	0	0	0	0	0	0	0	0	0	0	0	0	0	0	0	0	0	0	0	0	0	0	0	0	0	0	0	0	0	0	0	0	0	0	0	0	0	0	0	0
human_gut	265	0	0	0	0	0	0	0	0	0	0	0	412	0	0	0	0	0	0	0	301	0	0	356	0	0	0	594	0	0	0	0	77	50	180	102	0	341	0	236	0	0	0	0	0	0	175	0	55	0	0	0	0	0	171	58	144	442	0	0	0	0	0	48	0	180	51	0	0	0	0	0	0	0	0	0	0	0	258	341	141	0	0	0	0	0	259	0	0	0	0	0	0	0	0	66	0	0	0	0	0	0	0	653	714	25	616	0	116	0	0	0	0	0	453	467	0	0	0	0	0
human_associated	690	22	200	0	0	0	0	0	0	0	69	207	697	0	0	0	0	0	0	0	362	303	165	356	0	0	71	594	0	81	84	0	77	107	180	102	0	648	71	236	91	0	67	0	0	0	175	0	55	0	0	33	0	0	171	58	178	534	0	0	135	0	67	48	0	180	51	0	0	0	0	0	0	0	0	0	0	0	523	642	141	0	0	0	52	0	259	0	0	0	0	32	0	0	0	66	0	0	0	20	0	0	0	653	997	25	865	0	116	0	0	0	0	115	637	576	0	0	0	0	0
mammal_gut	265	0	0	0	0	0	0	0	0	0	0	0	412	0	0	0	0	0	0	0	301	0	0	356	0	0	0	594	0	0	0	0	77	50	180	102	0	341	0	236	0	0	0	0	0	0	175	0	55	0	0	0	0	0	171	58	144	442	0	0	0	0	0	48	0	180	51	0	0	0	0	0	0	0	0	0	0	0	258	341	141	0	0	0	0	0	259	0	0	0	0	0	0	0	0	66	0	0	0	0	0	0	0	653	714	25	616	0	116	0	0	0	0	0	453	467	0	0	0	0	0
animal_parasites_or_symbionts	690	70	200	52	0	0	0	0	0	0	69	207	808	77	0	0	0	0	0	0	421	351	165	435	0	29	71	706	0	81	84	0	137	107	180	102	42	648	71	236	91	57	98	0	0	0	175	0	55	0	0	45	0	0	171	58	178	534	0	0	135	0	67	48	0	180	51	0	0	18	0	20	0	0	0	0	0	0	523	642	141	0	0	0	52	112	259	0	0	0	54	32	54	0	48	66	0	0	0	114	0	0	0	720	997	171	997	0	116	0	0	0	0	115	667	576	49	0	0	0	0
plant_pathogen	0	0	0	0	0	0	0	0	0	0	0	0	0	0	0	0	0	0	0	0	0	0	0	0	0	0	0	0	0	0	0	0	0	0	0	0	0	0	0	0	0	0	0	0	0	0	0	0	0	0	0	0	0	0	0	0	0	0	0	0	0	0	0	0	0	0	0	0	0	0	0	0	0	0	0	0	0	0	0	0	0	0	0	0	0	0	0	0	0	0	0	0	0	0	0	0	0	0	0	0	0	0	0	0	0	0	87	0	467	0	41	0	0	816	1195	0	0	0	0	0	0
oil_bioremediation	0	0	0	0	0	0	0	0	0	0	0	0	0	0	0	0	0	0	0	0	0	0	0	0	0	0	0	0	0	0	0	0	0	0	0	0	0	0	0	0	0	0	0	0	0	0	0	0	0	0	0	0	0	0	0	0	0	0	0	0	0	0	0	0	0	0	0	0	0	0	0	0	0	0	0	0	0	0	0	0	0	0	0	0	0	0	0	0	0	0	0	0	0	0	0	0	0	0	0	0	0	0	0	0	0	0	0	0	0	0	0	0	0	0	0	0	0	0	0	0	0
aromatic_hydrocarbon_degradation	820	670	728	533	191	0	761	0	0	182	1708	1390	81	910	0	0	0	0	0	0	0	0	0	0	0	0	0	0	0	0	0	0	0	0	0	0	0	0	0	0	0	0	0	0	0	0	0	0	0	0	0	0	0	0	0	0	0	0	0	0	0	0	0	0	0	0	0	0	0	0	0	0	0	0	0	0	0	0	124	132	0	0	0	0	0	0	0	0	0	0	0	0	0	0	0	0	0	0	0	0	0	0	76	114	139	233	972	216	467	942	195	0	0	3504	4705	1655	414	0	0	0	0
aromatic_compound_degradation	910	733	728	533	191	30	857	745	0	182	2667	7238	2223	3458	0	36	0	0	68	0	0	0	436	376	0	0	589	505	635	332	1174	233	906	929	121	0	815	2373	520	372	0	313	347	433	0	0	0	239	114	0	0	0	0	0	81	20	1221	2967	0	0	55	0	831	0	0	152	695	0	0	0	887	291	893	266	1008	5510	0	0	2396	2575	0	0	463	0	164	0	0	0	268	112	0	0	0	0	0	0	0	2638	496	0	0	0	76	241	225	330	1787	1524	1424	1184	325	650	473	3504	6134	3460	3555	1797	0	0	334
aliphatic_non_methane_hydrocarbon_degradation	820	670	728	533	191	0	761	0	0	182	1708	1390	81	910	0	0	0	0	0	0	0	0	0	0	0	0	0	0	0	0	0	0	0	0	0	0	0	0	0	0	0	0	0	0	0	0	0	0	0	0	0	0	0	0	0	0	0	0	0	0	0	0	0	0	0	0	0	0	0	0	0	0	0	0	0	0	0	0	124	132	0	0	0	0	0	0	0	0	0	0	0	0	0	0	0	0	0	0	0	0	0	0	76	114	139	233	972	216	467	942	195	0	0	3504	4705	1655	414	0	0	0	0
hydrocarbon_degradation	820	693	728	533	191	0	761	0	0	182	1708	1390	81	910	0	0	0	0	0	0	0	0	0	0	0	0	0	0	0	0	336	0	333	197	0	0	0	0	0	0	72	0	74	174	0	0	0	0	0	0	0	0	0	0	0	0	0	0	0	0	0	0	0	0	0	0	0	0	0	0	0	0	0	0	0	0	0	0	124	132	0	0	0	23	0	0	0	0	0	0	0	0	0	0	0	0	0	0	0	0	0	0	102	424	797	563	972	216	467	942	195	0	0	3585	4705	1655	414	0	0	0	0
dark_iron_oxidation	0	0	0	0	0	0	0	0	0	0	0	0	0	0	0	0	0	0	0	0	176	167	0	0	0	0	0	0	0	167	0	192	279	0	0	0	0	327	0	0	0	0	0	0	0	0	0	0	0	0	0	0	0	0	0	0	0	0	0	0	0	0	0	0	0	0	0	0	0	0	357	372	114	0	0	389	0	0	478	374	0	0	0	0	0	0	0	0	0	0	0	0	0	0	0	0	0	0	0	0	0	0	0	0	0	0	0	0	0	0	0	0	0	0	0	0	0	0	0	0	0
iron_respiration	391	444	0	0	0	0	0	0	0	0	0	289	0	0	0	0	0	0	0	0	0	0	0	0	0	0	0	0	0	0	0	0	0	0	0	0	0	0	0	0	0	0	0	173	127	299	114	0	0	0	0	0	0	0	97	0	0	0	0	0	0	0	0	0	94	345	0	0	0	0	0	0	0	0	0	0	198	174	0	0	204	44	0	0	0	0	0	0	137	0	0	0	0	0	0	0	0	0	0	0	0	0	0	0	0	0	0	0	0	0	0	0	0	0	0	0	0	0	0	0	0
nitrate_respiration	391	444	0	0	0	0	0	200	0	105	69	587	810	547	0	0	0	0	0	0	1392	1450	1457	1855	0	0	2004	1786	189	696	374	241	608	528	1337	390	2659	2543	1491	982	457	562	242	1041	127	299	114	93	0	0	0	0	0	0	97	0	236	529	0	0	0	0	378	199	256	849	0	51	370	0	476	1305	797	651	697	1495	198	410	3394	4561	757	44	0	0	149	157	0	0	137	0	0	0	0	0	0	0	0	1906	557	0	0	0	0	0	0	0	57	0	0	0	0	230	0	201	223	549	516	234	0	0	0
nitrate_reduction	439	444	22	38	480	279	235	1906	206	1148	702	587	2059	1756	474	355	1669	266	0	0	1392	1450	1457	1855	0	0	2004	1786	4638	5559	6126	583	5666	5215	1723	432	2759	2543	1491	982	5499	5104	3715	7876	127	299	114	397	0	0	0	0	0	0	146	0	596	529	0	0	0	0	378	199	256	1303	1629	51	370	0	3112	1953	4215	2151	5221	9454	198	410	3881	5212	984	93	3703	1185	661	636	0	0	137	0	0	0	0	0	17	44	0	1906	557	0	0	0	0	0	0	0	140	1915	2051	2385	1906	664	740	1126	223	701	794	3741	7151	386	1098
nitrogen_respiration	391	444	0	0	0	0	0	200	0	105	69	587	810	547	0	0	0	0	0	109	1392	1450	1457	1855	0	400	2004	1786	189	696	374	241	608	528	1337	390	2659	2543	1491	982	457	562	242	1041	127	299	114	93	0	0	0	0	0	0	97	0	236	529	0	0	0	0	378	199	256	849	0	51	370	0	476	1305	797	651	697	1495	198	410	3394	4561	757	44	0	0	149	157	0	0	137	0	0	0	0	0	0	0	0	1906	557	0	0	0	0	0	0	0	57	0	0	0	0	230	0	201	223	549	516	234	0	0	0
fumarate_respiration	391	444	0	0	0	0	0	0	0	0	0	289	0	0	0	0	0	0	0	0	0	0	0	0	0	0	0	0	0	0	0	0	0	0	0	0	0	0	0	0	0	0	0	173	127	299	114	0	0	0	0	0	0	0	97	0	0	0	0	0	0	0	0	0	94	345	0	0	0	0	0	0	0	0	0	0	198	174	0	0	204	44	0	0	0	0	0	0	137	0	0	0	0	0	0	0	0	0	0	0	0	0	0	0	0	0	0	0	0	0	0	0	0	0	0	0	0	0	0	0	0
intracellular_parasites	0	0	0	0	0	0	0	0	0	0	0	0	0	0	0	0	88	0	0	79	0	0	0	0	0	186	0	0	61	0	97	0	110	24	367	344	0	0	0	0	23	22	47	38	0	0	0	0	0	33	1006	1456	381	0	0	0	0	0	0	0	31	133	0	0	0	6	0	0	0	0	0	0	0	0	0	0	158	0	0	0	0	0	0	0	0	0	0	25	108	0	0	59	0	133	0	368	270	25	0	0	0	0	36	0	0	0	0	68	94	0	0	0	0	151	346	0	0	0	260	32	0
chlorate_reducers	0	0	0	0	0	0	0	161	0	105	0	0	0	0	0	0	0	0	0	0	357	291	346	561	0	0	674	595	0	0	0	109	0	0	323	100	0	0	627	220	0	303	242	339	0	0	0	0	0	0	0	0	0	0	0	0	0	0	0	0	0	0	0	0	0	0	0	0	0	0	0	0	0	0	0	0	0	0	0	0	0	0	0	0	149	0	0	0	0	0	0	0	0	0	0	0	0	0	0	0	0	0	0	0	0	0	57	0	0	0	0	0	0	0	0	0	0	0	0	0	0
predatory_or_exoparasitic	1060	721	749	495	22	0	90	0	0	0	0	21	0	0	0	83	11	55	16	0	1681	1561	2256	3112	51	138	1368	2656	0	28	0	0	0	0	882	234	0	0	1201	1224	38	0	0	0	157	205	433	467	0	0	0	0	0	0	91	47	75	0	0	63	27	93	340	432	1055	1979	0	63	2033	1261	187	157	79	36	0	0	443	388	0	0	2825	962	0	0	274	135	0	0	0	150	0	0	0	0	0	106	104	0	0	0	0	0	207	1126	1051	2326	2211	0	0	23	0	0	115	0	103	278	0	0	0	0	0
chloroplasts	0	0	0	0	2439	1314	610	717	782	3614	0	0	0	0	0	1853	648	1830	0	0	0	0	0	0	0	0	0	0	735	58	697	0	520	345	0	0	0	0	0	0	956	1329	896	1473	0	0	0	0	28	81	1520	2766	1012	518	0	0	0	0	157	197	0	64	323	0	0	0	0	0	0	0	344	0	788	69	120	0	0	0	0	0	0	0	1226	0	0	0	0	0	0	0	0	0	67	744	859	0	0	0	0	0	0	69	30	0	0	0	0	0	121	0	0	39	0	0	0	0	0	0	361	0	933
nonphotosynthetic_cyanobacteria	0	78	0	78	0	43	18	0	0	0	0	26	0	0	0	0	0	58	0	0	0	0	0	53	0	0	0	0	36	0	0	0	0	0	147	0	0	0	0	36	0	40	0	0	0	0	40	0	0	0	0	0	0	0	66	0	0	0	0	0	0	0	30	0	0	0	0	0	45	31	79	48	14	13	0	0	0	0	0	0	31	0	48	0	28	0	0	0	0	0	0	0	0	0	0	24	0	0	0	0	0	0	0	0	0	191	142	0	0	0	0	0	0	49	0	0	0	0	0	0	0
photosynthetic_cyanobacteria	0	0	0	0	1517	216	594	4461	2011	3096	0	0	271	298	285	360	607	984	0	0	0	0	0	0	0	0	0	0	256	91	333	0	0	0	0	0	0	0	0	0	0	180	130	26	0	0	0	0	159	257	842	1011	711	2952	0	0	0	0	0	0	0	0	0	0	0	0	0	0	0	0	0	0	0	0	0	0	0	0	0	0	0	0	0	0	0	0	0	0	0	0	0	0	0	1540	1075	0	0	0	0	0	0	0	0	0	0	0	0	890	784	861	646	867	1720	252	0	0	0	447	561	345	904
anoxygenic_photoautotrophy_H2_oxidizing	0	0	0	0	0	0	0	0	0	0	0	0	0	0	0	0	0	0	0	0	0	0	0	0	0	0	0	0	0	0	0	0	0	0	0	0	0	0	0	0	0	0	0	0	0	0	0	0	0	0	0	0	0	0	0	0	0	0	0	0	0	0	0	0	0	0	0	0	0	0	0	0	0	0	0	0	0	0	0	0	0	0	0	0	0	0	0	0	0	0	0	0	0	0	0	0	0	0	0	0	0	0	0	0	0	0	0	0	0	0	0	0	0	0	0	0	0	0	0	0	0
anoxygenic_photoautotrophy_S_oxidizing	0	0	0	0	0	0	0	0	0	0	0	0	0	0	0	0	0	0	0	0	0	0	0	0	0	0	0	0	0	0	0	0	0	0	0	0	0	0	0	0	0	0	0	0	0	0	0	0	0	0	0	0	0	0	0	0	0	0	0	0	0	0	0	0	0	0	0	0	0	0	0	0	0	0	0	0	0	0	0	0	0	0	0	0	0	0	0	0	0	0	0	0	0	0	0	0	0	0	0	0	0	0	0	0	0	0	0	0	0	0	0	0	0	0	0	0	0	0	0	0	0
anoxygenic_photoautotrophy_Fe_oxidizing	0	0	0	0	0	0	0	0	0	0	0	0	0	0	0	0	0	0	0	0	0	0	0	0	0	0	0	0	0	0	0	0	0	0	0	0	0	0	0	0	0	0	0	0	0	0	0	0	0	0	0	0	0	0	0	0	0	0	0	0	0	0	0	0	0	0	0	0	0	0	0	0	0	0	0	0	0	0	0	0	0	0	0	0	0	0	0	0	0	0	0	0	0	0	0	0	0	0	0	0	0	0	0	0	0	0	0	0	0	0	0	0	0	0	0	0	0	0	0	0	0
anoxygenic_photoautotrophy	0	0	0	0	0	0	0	0	0	0	0	0	0	0	0	0	0	0	0	0	0	0	0	0	0	0	0	0	0	0	0	0	0	0	0	0	0	0	0	0	0	0	0	0	0	0	0	0	0	0	0	0	0	0	0	0	0	0	0	0	0	0	0	0	0	0	0	0	0	0	0	0	0	0	0	0	0	0	0	0	0	0	0	0	0	0	0	0	0	0	0	0	0	0	0	0	0	0	0	0	0	0	0	0	0	0	0	0	0	0	0	0	0	0	0	0	0	0	0	0	0
oxygenic_photoautotrophy	0	0	0	0	1517	216	594	4461	2011	3096	0	0	271	298	285	360	607	984	0	0	0	0	0	0	0	0	0	0	256	91	333	0	0	0	0	0	0	0	0	0	0	180	130	26	0	0	0	0	159	257	842	1011	711	2952	0	0	0	0	0	0	0	0	0	0	0	0	0	0	0	0	0	0	0	0	0	0	0	0	0	0	0	0	0	0	0	0	0	0	0	0	0	0	0	1540	1075	0	0	0	0	0	0	0	0	0	0	0	0	890	784	861	646	867	1720	252	0	0	0	447	561	345	904
photoautotrophy	0	0	0	0	1517	216	594	4461	2011	3096	0	0	271	298	285	360	607	984	0	0	0	0	0	0	0	0	0	0	256	91	333	0	0	0	0	0	0	0	0	0	0	180	130	26	0	0	0	0	159	257	842	1011	711	2952	0	0	0	0	0	0	0	0	0	0	0	0	0	0	0	0	0	0	0	0	0	0	0	0	0	0	0	0	0	0	0	0	0	0	0	0	0	0	0	1540	1075	0	0	0	0	0	0	0	0	0	0	0	0	890	784	861	646	867	1720	252	0	0	0	447	561	345	904
aerobic_anoxygenic_phototrophy	0	0	0	0	0	0	0	0	0	0	0	0	0	0	0	0	0	0	0	0	0	0	0	0	0	0	0	0	0	0	0	0	0	0	0	0	0	0	0	0	0	0	0	0	0	0	0	0	0	0	0	0	0	0	0	0	0	0	0	0	0	0	0	0	0	0	0	0	0	0	0	0	0	0	0	0	0	0	0	0	0	0	0	0	0	0	0	0	0	0	0	0	0	0	0	0	0	0	0	0	0	0	0	0	0	0	0	0	0	0	0	0	0	0	0	0	0	0	0	0	0
photoheterotrophy	1034	777	660	623	1950	1686	772	2877	890	1116	85	1395	665	561	2244	2045	2099	2372	0	0	558	566	848	850	0	0	0	930	2897	2174	2271	170	1655	397	0	0	0	272	751	799	908	866	3117	2186	181	0	270	274	162	656	1488	1908	1717	3032	0	0	0	0	137	1206	269	1390	194	196	223	0	77	0	365	160	368	895	143	257	895	853	0	0	0	0	366	143	923	242	1140	574	0	0	203	934	1239	490	0	3562	2124	0	0	0	0	244	0	342	411	1414	1077	1473	1161	1406	1383	1295	821	1195	1168	572	535	600	598	1362	1925	810	1783
phototrophy	1034	777	660	623	3467	1902	1366	7338	2901	4212	85	1395	936	859	2529	2405	2706	3356	0	0	558	566	848	850	0	0	0	930	3153	2265	2604	170	1655	397	0	0	0	272	751	799	908	1046	3247	2212	181	0	270	274	321	913	2330	2919	2428	5984	0	0	0	0	137	1206	269	1390	194	196	223	0	77	0	365	160	368	895	143	257	895	853	0	0	0	0	366	143	923	242	1140	574	0	0	203	934	1239	490	0	5102	3199	0	0	0	0	244	0	342	411	1414	1077	1473	1161	2296	2167	2156	1467	2062	2888	824	535	600	598	1809	2486	1155	2687
plastic_degradation	0	0	0	0	0	0	0	0	0	0	0	0	0	0	0	0	0	0	0	0	0	0	0	0	0	0	0	0	0	0	0	0	0	0	0	0	0	0	0	0	0	0	0	0	0	0	0	0	0	0	0	0	0	0	0	0	0	0	0	0	0	0	0	0	0	0	0	0	0	0	0	0	0	0	0	0	0	0	0	0	0	0	0	0	0	0	0	0	0	0	0	0	0	0	0	0	0	0	0	0	0	0	0	0	0	0	0	0	0	0	0	0	0	0	0	0	0	0	0	0	0
ureolysis	812	379	612	346	119	28	791	0	0	289	177	646	122	0	582	258	57	266	0	41	453	710	919	974	0	90	227	308	48	324	332	6	115	102	700	208	0	0	789	438	341	145	158	93	0	0	0	0	193	497	295	417	106	105	569	0	18	0	69	157	393	291	67	320	214	763	28	0	545	372	138	92	230	280	187	46	657	302	0	0	92	138	62	94	52	136	0	439	749	243	229	390	176	537	713	924	876	40	0	185	0	393	0	436	807	726	1363	440	861	398	104	203	206	2080	1925	359	225	0	829	381	583
reductive_acetogenesis	0	0	0	0	0	0	0	0	0	0	0	0	0	0	0	0	0	0	0	0	0	0	0	0	0	0	0	0	0	0	0	0	0	0	0	0	0	310	0	0	0	0	0	0	0	0	0	0	0	0	0	0	0	0	0	0	0	0	0	0	0	0	0	0	0	0	0	0	0	0	0	0	0	0	0	0	0	0	173	0	0	0	0	0	0	0	0	0	0	0	0	0	0	0	0	0	0	0	0	0	0	0	0	0	0	0	0	0	0	0	0	0	0	0	0	0	0	0	0	0	0
chemoheterotrophy	7259	6272	4355	2519	9463	4934	6427	13663	1996	6266	8979	10805	16053	16990	7409	8555	8379	8364	1175	2295	9212	9613	8833	14520	1299	2776	9540	15348	16730	13544	15754	2730	15305	10691	13047	6260	8616	16145	11386	11162	12826	12035	10323	15845	1026	971	3426	3841	4904	8786	5023	5366	1875	5947	8785	2844	10695	22661	5229	7141	4831	7286	3484	1756	1712	6849	4266	1554	4505	2176	12517	7983	9415	4400	10409	19535	6406	4568	15773	16156	7212	1440	12114	5396	6488	7488	844	1660	6579	3701	3046	5715	2565	7571	8567	7617	7701	18056	5876	3589	1496	4741	3545	6634	7801	8405	10208	17160	18742	14402	8418	10880	14497	11633	13985	14072	18910	15060	19644	4788	12351
other	13748	12937	10280	6197	15181	7864	13268	20625	5950	9819	13991	6359	11322	13783	11656	15554	8391	11279	3872	6461	17480	17552	20935	32768	4317	9209	16816	30849	15795	13937	14072	3811	15682	8555	24686	10211	8492	10938	20611	20719	9506	10482	7408	8497	3692	3605	13103	8583	11462	16619	15077	16267	4953	16249	19365	7345	4750	8182	15774	15203	13380	14305	8921	6522	5016	18900	6180	5959	12577	6626	8937	7543	8344	5927	10210	11220	15194	17947	10080	12182	21091	6925	9537	6569	8735	12181	2410	5149	15148	11932	15745	20411	6878	10514	13477	5234	7394	8836	2539	9728	4643	9660	11015	12865	14260	17347	13889	14741	15426	14225	10673	14257	12026	12268	12472	11347	7915	11350	12500	7892	13520
