accession,sample_name,read_count,location,site,field_campaign,conductivity,pH,alkalinity,hardness,sodium,magnesium,calcium,potassium,chloride,nitrate,sulfate,ammonium,phosphate,total_phosphorus,silicic_acid,total_inorganic_carbon,3.1.6.1,rate_constants
SAMN37257400,air_dw3_2,115546653,Air,dw,1,737.0,8.12,1.475,4.345,4.957,21.327,133.613,3.128,7.54,0.46,351.3,13.7,3.0,10.7,7.202,17.7,71.2,0.004048698018549
SAMN37257404,oli_up1_1,104704761,Oli,up,1,1014.5,8.07,2.297,6.374,2.353,22.509,219.616,3.955,3.005,0.542,533.1,7.6,4.0,4.1,8.982,27.564,1.94,0.0012404917765363
SAMN37257405,oli_up1_2,109770253,Oli,up,1,1014.5,8.07,2.297,6.374,2.353,22.509,219.616,3.955,3.005,0.542,533.1,7.6,4.0,4.1,8.982,27.564,16.19,0.0034803264576359
SAMN37257406,oli_up2_1,107487090,Oli,up,1,1067.1,8.11,2.342,6.872,2.607,25.669,226.644,3.824,3.526,0.528,560.4,18.7,3.0,3.4,9.19,28.104,9.49,0.0034891275612998
SAMN37257407,oli_up2_2,103279387,Oli,up,1,1067.1,8.11,2.342,6.872,2.607,25.669,226.644,3.824,3.526,0.528,560.4,18.7,3.0,3.4,9.19,28.104,14.6,0.0021572494532328
SAMN37257408,oli_dw1_1,118826268,Oli,dw,1,900.5,8.19,2.457,5.654,2.062,25.269,182.915,2.577,2.575,0.553,447.6,9.9,3.75,6.9,8.713,29.484,4.49,0.0127029870206613
SAMN37257409,oli_dw1_2,87916228,Oli,dw,1,900.5,8.19,2.457,5.654,2.062,25.269,182.915,2.577,2.575,0.553,447.6,9.9,3.75,6.9,8.713,29.484,8.64,0.0083614389354031
SAMN37257410,air_up1_1,109288970,Air,up,1,344.5,7.94,1.182,1.843,1.505,8.555,57.382,2.118,1.249,0.247,126.7,11.2,1.75,5.6,6.734,14.184,27.77,0.0022018290135423
SAMN37257411,oli_dw2_1,115461619,Oli,dw,1,870.0,8.17,2.433,5.444,2.243,25.038,175.052,2.955,2.906,0.625,427.4,3.8,3.125,4.3,8.314,29.196,3.01,0.0016727151588515
SAMN37257412,oli_dw2_2,103236623,Oli,dw,1,870.0,8.17,2.433,5.444,2.243,25.038,175.052,2.955,2.906,0.625,427.4,3.8,3.125,4.3,8.314,29.196,2.2,0.0019927793635581
SAMN37257413,oli_dw3_1,114253449,Oli,dw,1,824.0,8.25,2.383,5.058,2.337,23.51,164.419,3.344,3.026,0.593,373.1,15.2,3.875,6.6,9.398,28.596,3.27,0.0010975053714356
SAMN37257414,oli_dw3_2,86775621,Oli,dw,1,824.0,8.25,2.383,5.058,2.337,23.51,164.419,3.344,3.026,0.593,373.1,15.2,3.875,6.6,9.398,28.596,4.34,0.001837553384564
SAMN37257418,kol_up1_1,136116313,Kol,up,2,435.6,8.43,4.817,2.592,5.431,16.265,74.862,1.224,7.623,2.013,12.119,11.6,26.5,40.9,18.281,57.804,1.72,0.0016095912719016
SAMN37257419,kol_up1_2,123524453,Kol,up,2,435.6,8.43,4.817,2.592,5.431,16.265,74.862,1.224,7.623,2.013,12.119,11.6,26.5,40.9,18.281,57.804,2.17,0.0039058701905932
SAMN37257420,kol_up2_1,113529121,Kol,up,2,434.2,8.42,4.802,2.575,5.43,16.377,74.617,1.131,7.648,2.03,12.111,13.4,25.75,43.95,18.254,57.624,3.09,0.0010975053714356
SAMN37257421,air_up1_2,94322588,Air,up,1,344.5,7.94,1.182,1.843,1.505,8.555,57.382,2.118,1.249,0.247,126.7,11.2,1.75,5.6,6.734,14.184,41.71,0.0014970285638251
SAMN37257422,kol_up2_2,136255541,Kol,up,2,434.2,8.42,4.802,2.575,5.43,16.377,74.617,1.131,7.648,2.03,12.111,13.4,25.75,43.95,18.254,57.624,4.74,0.0021800569996793
SAMN37257423,kol_dw1_1,83552574,Kol,dw,2,584.3,8.17,4.455,2.69,28.643,16.373,78.711,5.172,40.343,8.232,26.87,13.6,128.75,153.75,19.234,53.46,2.73,0.0010975053714356
SAMN37257424,kol_dw1_2,51399366,Kol,dw,2,584.3,8.17,4.455,2.69,28.643,16.373,78.711,5.172,40.343,8.232,26.87,13.6,128.75,153.75,19.234,53.46,6.94,0.0010975053714356
SAMN37257425,kol_dw2_1,145659020,Kol,dw,2,543.2,8.36,4.585,2.678,22.278,16.316,78.456,4.056,31.592,6.448,22.686,9.9,96.625,120.95,18.784,55.02,8.68,0.0016367607960522
SAMN37257426,kol_dw2_2,96593923,Kol,dw,2,543.2,8.36,4.585,2.678,22.278,16.316,78.456,4.056,31.592,6.448,22.686,9.9,96.625,120.95,18.784,55.02,12.24,0.0107551005779386
SAMN37257427,kol_dw3_1,102431010,Kol,dw,2,534.9,8.42,4.59,2.666,21.228,16.224,77.582,3.88,30.195,6.201,22.052,9.9,93.125,114.7,18.621,55.08,5.71,0.0010975053714356
SAMN37257428,kol_dw3_2,106032284,Kol,dw,2,534.9,8.42,4.59,2.666,21.228,16.224,77.582,3.88,30.195,6.201,22.052,9.9,93.125,114.7,18.621,55.08,6.75,0.0010975053714356
SAMN37257432,air_up2_1,84746376,Air,up,1,668.9,8.05,1.308,3.846,4.346,19.22,120.969,2.663,6.576,0.319,318.1,3.1,1.625,31.5,6.784,15.696,5.1000000000000005,0.0031268176248178
SAMN37257433,bir_up1_1,106614294,Bir,up,2,526.1,8.27,5.224,2.813,16.933,25.715,69.234,1.899,29.93,1.151,11.965,12.3,3.25,11.77,6.775,62.688,2.19,0.0010975053714356
SAMN37257434,bir_up1_2,118488849,Bir,up,2,526.1,8.27,5.224,2.813,16.933,25.715,69.234,1.899,29.93,1.151,11.965,12.3,3.25,11.77,6.775,62.688,3.06,0.0010975053714356
SAMN37257435,bir_up2_1,121417320,Bir,up,2,530.1,8.38,5.004,2.776,19.46,22.95,71.719,2.348,32.441,1.609,19.897,12.0,2.625,10.01,6.963,60.048,2.5300000000000002,0.0010975053714356
SAMN37257436,bir_up2_2,115249784,Bir,up,2,530.1,8.38,5.004,2.776,19.46,22.95,71.719,2.348,32.441,1.609,19.897,12.0,2.625,10.01,6.963,60.048,2.2,0.0010975053714356
SAMN37257437,bir_dw1_1,122177989,Bir,dw,2,787.0,8.0,4.231,2.764,65.659,19.027,77.757,8.87,97.334,7.736,52.328,22.9,164.125,184.85,10.621,50.772,11.0,0.0018361354853318
SAMN37257438,bir_dw1_2,111128143,Bir,dw,2,787.0,8.0,4.231,2.764,65.659,19.027,77.757,8.87,97.334,7.736,52.328,22.9,164.125,184.85,10.621,50.772,8.530000000000001,0.0218467817464384
SAMN37257439,bir_dw2_1,100287615,Bir,dw,2,755.9,8.19,4.404,2.78,61.638,19.728,77.32,8.031,92.253,6.7,45.239,28.3,151.75,184.5,8.909,52.848,0.93,0.0010975053714356
SAMN37257440,bir_dw2_2,128765945,Bir,dw,2,755.9,8.19,4.404,2.78,61.638,19.728,77.32,8.031,92.253,6.7,45.239,28.3,151.75,184.5,8.909,52.848,0.8500000000000001,0.0010975053714356
SAMN37257441,bir_dw3_1,126451707,Bir,dw,2,832.9,8.22,4.192,2.788,76.615,19.153,78.357,9.44,115.322,8.424,51.784,21.6,172.0,204.05,9.727,50.304,0.48000000000000004,0.0010975053714356
SAMN37257442,bir_dw3_2,98239126,Bir,dw,2,832.9,8.22,4.192,2.788,76.615,19.153,78.357,9.44,115.322,8.424,51.784,21.6,172.0,204.05,9.727,50.304,0.09999999999999999,0.0010975053714356
SAMN37257443,air_up2_2,106881083,Air,up,1,668.9,8.05,1.308,3.846,4.346,19.22,120.969,2.663,6.576,0.319,318.1,3.1,1.625,31.5,6.784,15.696,17.78,0.0031296227877966
SAMN37257447,ehr_up1_1,121334114,Ehr,up,3,524.9,8.31,5.304,3.088,5.545,12.129,100.312,2.108,9.651,4.903,25.819,14.5,20.75,32.6,13.558,63.648,1.8399999999999999,0.0010975053714356
SAMN37257448,ehr_up1_2,112914361,Ehr,up,3,524.9,8.31,5.304,3.088,5.545,12.129,100.312,2.108,9.651,4.903,25.819,14.5,20.75,32.6,13.558,63.648,1.56,0.0010975053714356
SAMN37257449,ehr_up2_1,115348494,Ehr,up,3,528.7,8.33,5.244,3.112,5.288,11.517,97.291,1.649,9.621,4.774,31.724,9.9,22.25,30.2,13.328,62.928,1.79,0.001397662361082
SAMN37257450,ehr_up2_2,110769972,Ehr,up,3,528.7,8.33,5.244,3.112,5.288,11.517,97.291,1.649,9.621,4.774,31.724,9.9,22.25,30.2,13.328,62.928,2.35,0.0017253777278209
SAMN37257451,ehr_dw1_1,122736787,Ehr,dw,3,561.9,8.19,5.02,3.038,13.083,12.044,98.97,3.373,18.69,6.572,34.161,11.3,31.875,51.8,13.948,60.24,4.84,0.0390923356691376
SAMN37257452,ehr_dw1_2,104779231,Ehr,dw,3,561.9,8.19,5.02,3.038,13.083,12.044,98.97,3.373,18.69,6.572,34.161,11.3,31.875,51.8,13.948,60.24,3.31,0.0584033771852586
SAMN37257453,ehr_dw2_1,132327153,Ehr,dw,3,559.4,8.26,5.022,3.044,12.718,12.228,99.219,3.288,18.107,6.61,34.257,9.7,33.125,49.2,13.993,60.264,4.03,0.0463212845150473
SAMN37257454,air_dw1_1,96648240,Air,dw,1,760.9,8.06,1.453,4.436,4.523,22.073,140.86,3.011,6.978,0.379,364.9,4.1,1.25,14.5,7.223,17.436,37.34,0.0030979699175422
SAMN37257455,ehr_dw2_2,113108621,Ehr,dw,3,559.4,8.26,5.022,3.044,12.718,12.228,99.219,3.288,18.107,6.61,34.257,9.7,33.125,49.2,13.993,60.264,1.45,0.0010975053714356
SAMN37257456,ehr_dw3_1,114284877,Ehr,dw,3,545.7,8.34,5.035,3.047,10.671,12.433,99.073,3.418,15.404,6.283,33.402,4.9,30.75,47.0,14.109,60.42,1.51,0.0101116354878184
SAMN37257457,ehr_dw3_2,120758680,Ehr,dw,3,545.7,8.34,5.035,3.047,10.671,12.433,99.073,3.418,15.404,6.283,33.402,4.9,30.75,47.0,14.109,60.42,0.54,0.0098800072682204
SAMN37257465,air_dw1_2,120649798,Air,dw,1,760.9,8.06,1.453,4.436,4.523,22.073,140.86,3.011,6.978,0.379,364.9,4.1,1.25,14.5,7.223,17.436,65.83,0.0038752290586407
SAMN37257466,alt_up1_1,92491905,Alt,up,3,392.0,8.26,4.594,2.291,5.187,8.705,74.701,1.312,2.843,0.981,5.393,3.7,5.0,13.7,6.712,55.128,2.47,0.0010975053714356
SAMN37257467,alt_up1_2,113332348,Alt,up,3,392.0,8.26,4.594,2.291,5.187,8.705,74.701,1.312,2.843,0.981,5.393,3.7,5.0,13.7,6.712,55.128,2.02,0.0010975053714356
SAMN37257468,alt_up2_1,120534157,Alt,up,3,424.6,8.13,4.836,2.485,4.891,8.155,83.656,1.93,2.943,1.028,11.943,11.0,6.875,18.7,7.107,58.032,1.4100000000000001,0.0010975053714356
SAMN37257469,alt_up2_3,93114524,Alt,up,3,424.6,8.13,4.836,2.485,4.891,8.155,83.656,1.93,2.943,1.028,11.943,11.0,6.875,18.7,7.107,58.032,0.9,0.0011959819762652
SAMN37257470,alt_dw1_1,106781940,Alt,dw,3,425.8,8.12,4.827,2.485,4.788,8.554,84.112,2.012,3.092,1.081,11.445,13.7,5.375,18.4,7.547,57.924,0.61,0.0010975053714356
SAMN37257471,alt_dw1_3,104205985,Alt,dw,3,425.8,8.12,4.827,2.485,4.788,8.554,84.112,2.012,3.092,1.081,11.445,13.7,5.375,18.4,7.547,57.924,0.68,0.0010975053714356
SAMN37257472,alt_dw2_1,111096339,Alt,dw,3,432.4,8.17,4.829,2.507,5.754,8.875,83.573,2.094,5.4,1.488,11.381,11.8,7.375,25.1,7.988,57.948,2.0,0.0281747370724193
SAMN37257473,alt_dw2_2,89908101,Alt,dw,3,432.4,8.17,4.829,2.507,5.754,8.875,83.573,2.094,5.4,1.488,11.381,11.8,7.375,25.1,7.988,57.948,1.31,0.0102111014510247
SAMN37257474,alt_dw3_1,69750333,Alt,dw,3,436.0,8.16,4.857,2.525,5.816,8.932,84.403,2.131,5.551,1.511,11.458,7.3,6.875,16.1,7.963,58.284,1.95,0.0128043886744796
SAMN37257475,alt_dw3_2,103118800,Alt,dw,3,436.0,8.16,4.857,2.525,5.816,8.932,84.403,2.131,5.551,1.511,11.458,7.3,6.875,16.1,7.963,58.284,2.0700000000000003,0.0103429456018616
SAMN37257476,air_dw2_1,103204697,Air,dw,1,720.2,8.1,1.43,4.22,5.114,20.606,134.425,3.159,7.763,0.586,339.9,71.8,7.75,30.1,7.137,17.16,169.26,0.0202803808469004
SAMN37257487,air_dw2_2,98254319,Air,dw,1,720.2,8.1,1.43,4.22,5.114,20.606,134.425,3.159,7.763,0.586,339.9,71.8,7.75,30.1,7.137,17.16,29.240000000000002,0.0024493787966464
SAMN37257493,air_dw3_1,101795997,Air,dw,1,737.0,8.12,1.475,4.345,4.957,21.327,133.613,3.128,7.54,0.46,351.3,13.7,3.0,10.7,7.202,17.7,36.910000000000004,0.0049039661848482
