accession,sample_name,read_count,location,site,field_campaign,conductivity,pH,alkalinity,hardness,sodium,magnesium,calcium,potassium,chloride,nitrate,sulfate,ammonium,phosphate,total_phosphorus,silicic_acid,total_inorganic_carbon,1.14.12.7,1.14.12.17,"1.14.12.1,1.14.13.172","1.14.12.1,1.14.12.15,1.14.13.172",1.14.12.10,"1.14.12.7,1.14.13.82","1.14.12.1,1.14.12.15",rate_constants
SAMN37257400,air_dw3_2,115546653,Air,dw,1,737.0,8.12,1.475,4.345,4.957,21.327,133.613,3.128,7.54,0.46,351.3,13.7,3.0,10.7,7.202,17.7,33.870000000000005,17.54,66.97,7.44,13.57,16.31,0.0,0.0041911580607539
SAMN37257404,oli_up1_1,104704761,Oli,up,1,1014.5,8.07,2.297,6.374,2.353,22.509,219.616,3.955,3.005,0.542,533.1,7.6,4.0,4.1,8.982,27.564,2.09,0.19,5.5600000000000005,0.1,1.14,10.16,0.0,0.0037510758906709
SAMN37257405,oli_up1_2,109770253,Oli,up,1,1014.5,8.07,2.297,6.374,2.353,22.509,219.616,3.955,3.005,0.542,533.1,7.6,4.0,4.1,8.982,27.564,7.859999999999999,0.16,9.17,0.06,3.37,59.62,0.0,0.0029394245590779
SAMN37257406,oli_up2_1,107487090,Oli,up,1,1067.1,8.11,2.342,6.872,2.607,25.669,226.644,3.824,3.526,0.528,560.4,18.7,3.0,3.4,9.19,28.104,5.39,0.25,12.91,0.15,5.75,31.82,0.0,0.004082045194348
SAMN37257407,oli_up2_2,103279387,Oli,up,1,1067.1,8.11,2.342,6.872,2.607,25.669,226.644,3.824,3.526,0.528,560.4,18.7,3.0,3.4,9.19,28.104,7.25,0.17,12.26,0.41,7.29,29.37,0.0,0.0016197627255917
SAMN37257408,oli_dw1_1,118826268,Oli,dw,1,900.5,8.19,2.457,5.654,2.062,25.269,182.915,2.577,2.575,0.553,447.6,9.9,3.75,6.9,8.713,29.484,2.1399999999999997,0.26,7.470000000000001,0.14,2.56,1.5000000000000002,0.0,0.0196334818902945
SAMN37257409,oli_dw1_2,87916228,Oli,dw,1,900.5,8.19,2.457,5.654,2.062,25.269,182.915,2.577,2.575,0.553,447.6,9.9,3.75,6.9,8.713,29.484,4.5,0.35000000000000003,8.030000000000001,0.25,6.3,27.8,0.0,0.0094539153281833
SAMN37257410,air_up1_1,109288970,Air,up,1,344.5,7.94,1.182,1.843,1.505,8.555,57.382,2.118,1.249,0.247,126.7,11.2,1.75,5.6,6.734,14.184,34.92,4.6899999999999995,26.69,3.22,7.469999999999999,73.0,0.0,0.0029448307862587
SAMN37257411,oli_dw2_1,115461619,Oli,dw,1,870.0,8.17,2.433,5.444,2.243,25.038,175.052,2.955,2.906,0.625,427.4,3.8,3.125,4.3,8.314,29.196,1.5,0.28,4.359999999999999,0.22,1.24,0.33,0.0,0.0052736903218296
SAMN37257412,oli_dw2_2,103236623,Oli,dw,1,870.0,8.17,2.433,5.444,2.243,25.038,175.052,2.955,2.906,0.625,427.4,3.8,3.125,4.3,8.314,29.196,2.3000000000000003,0.3,6.48,0.09,1.41,1.15,0.0,0.003380464828266
SAMN37257413,oli_dw3_1,114253449,Oli,dw,1,824.0,8.25,2.383,5.058,2.337,23.51,164.419,3.344,3.026,0.593,373.1,15.2,3.875,6.6,9.398,28.596,3.0200000000000005,0.12,6.31,1.29,0.46,1.38,0.0,0.0036455458069312
SAMN37257414,oli_dw3_2,86775621,Oli,dw,1,824.0,8.25,2.383,5.058,2.337,23.51,164.419,3.344,3.026,0.593,373.1,15.2,3.875,6.6,9.398,28.596,4.76,0.23,11.36,0.44,0.64,2.07,0.0,0.0035419197696807
SAMN37257418,kol_up1_1,136116313,Kol,up,2,435.6,8.43,4.817,2.592,5.431,16.265,74.862,1.224,7.623,2.013,12.119,11.6,26.5,40.9,18.281,57.804,0.36,0.22,0.51,0.0,1.06,1.29,0.0,0.0010975053714356
SAMN37257419,kol_up1_2,123524453,Kol,up,2,435.6,8.43,4.817,2.592,5.431,16.265,74.862,1.224,7.623,2.013,12.119,11.6,26.5,40.9,18.281,57.804,0.74,0.13,0.8799999999999999,0.0,0.49,2.05,0.0,
SAMN37257420,kol_up2_1,113529121,Kol,up,2,434.2,8.42,4.802,2.575,5.43,16.377,74.617,1.131,7.648,2.03,12.111,13.4,25.75,43.95,18.254,57.624,0.42,0.5,0.87,0.0,1.0,1.6800000000000002,0.0,
SAMN37257421,air_up1_2,94322588,Air,up,1,344.5,7.94,1.182,1.843,1.505,8.555,57.382,2.118,1.249,0.247,126.7,11.2,1.75,5.6,6.734,14.184,43.120000000000005,7.71,34.01,3.56,7.18,74.08,0.0,0.0021292905549294
SAMN37257422,kol_up2_2,136255541,Kol,up,2,434.2,8.42,4.802,2.575,5.43,16.377,74.617,1.131,7.648,2.03,12.111,13.4,25.75,43.95,18.254,57.624,0.64,0.27,1.27,0.0,1.6900000000000002,1.1,0.08,0.0010975053714356
SAMN37257423,kol_dw1_1,83552574,Kol,dw,2,584.3,8.17,4.455,2.69,28.643,16.373,78.711,5.172,40.343,8.232,26.87,13.6,128.75,153.75,19.234,53.46,0.83,0.62,0.72,0.0,0.65,1.5,0.0,0.0010975053714356
SAMN37257424,kol_dw1_2,51399366,Kol,dw,2,584.3,8.17,4.455,2.69,28.643,16.373,78.711,5.172,40.343,8.232,26.87,13.6,128.75,153.75,19.234,53.46,1.88,1.08,1.27,0.0,0.0,1.04,0.0,0.0012010266099869
SAMN37257425,kol_dw2_1,145659020,Kol,dw,2,543.2,8.36,4.585,2.678,22.278,16.316,78.456,4.056,31.592,6.448,22.686,9.9,96.625,120.95,18.784,55.02,0.2,0.24,0.12,0.0,0.34,0.33,0.0,0.0015146673160908
SAMN37257426,kol_dw2_2,96593923,Kol,dw,2,543.2,8.36,4.585,2.678,22.278,16.316,78.456,4.056,31.592,6.448,22.686,9.9,96.625,120.95,18.784,55.02,0.6499999999999999,0.41,0.41000000000000003,0.0,1.1600000000000001,1.0899999999999999,0.0,0.0144954509048602
SAMN37257427,kol_dw3_1,102431010,Kol,dw,2,534.9,8.42,4.59,2.666,21.228,16.224,77.582,3.88,30.195,6.201,22.052,9.9,93.125,114.7,18.621,55.08,0.04,0.34,0.11,0.0,0.26,5.72,0.0,0.0010975053714356
SAMN37257428,kol_dw3_2,106032284,Kol,dw,2,534.9,8.42,4.59,2.666,21.228,16.224,77.582,3.88,30.195,6.201,22.052,9.9,93.125,114.7,18.621,55.08,0.14,0.2,0.53,0.0,0.28,7.4399999999999995,0.0,0.0010975053714356
SAMN37257432,air_up2_1,84746376,Air,up,1,668.9,8.05,1.308,3.846,4.346,19.22,120.969,2.663,6.576,0.319,318.1,3.1,1.625,31.5,6.784,15.696,6.78,0.13,28.55,8.15,0.54,18.630000000000003,0.0,0.004449825790135
SAMN37257433,bir_up1_1,106614294,Bir,up,2,526.1,8.27,5.224,2.813,16.933,25.715,69.234,1.899,29.93,1.151,11.965,12.3,3.25,11.77,6.775,62.688,0.0,0.11,0.33,0.0,0.9199999999999999,0.37,0.0,0.0010975053714356
SAMN37257434,bir_up1_2,118488849,Bir,up,2,526.1,8.27,5.224,2.813,16.933,25.715,69.234,1.899,29.93,1.151,11.965,12.3,3.25,11.77,6.775,62.688,0.25,0.06,0.47,0.0,1.45,0.0,0.0,0.0011079159795441
SAMN37257435,bir_up2_1,121417320,Bir,up,2,530.1,8.38,5.004,2.776,19.46,22.95,71.719,2.348,32.441,1.609,19.897,12.0,2.625,10.01,6.963,60.048,0.04,0.13,0.17,0.0,0.71,0.16,0.0,0.0010975053714356
SAMN37257436,bir_up2_2,115249784,Bir,up,2,530.1,8.38,5.004,2.776,19.46,22.95,71.719,2.348,32.441,1.609,19.897,12.0,2.625,10.01,6.963,60.048,0.18,0.0,0.15,0.0,1.5000000000000002,0.63,0.0,0.0010975053714356
SAMN37257437,bir_dw1_1,122177989,Bir,dw,2,787.0,8.0,4.231,2.764,65.659,19.027,77.757,8.87,97.334,7.736,52.328,22.9,164.125,184.85,10.621,50.772,0.36,0.06,0.09,0.0,0.62,0.86,0.0,0.0010975053714356
SAMN37257438,bir_dw1_2,111128143,Bir,dw,2,787.0,8.0,4.231,2.764,65.659,19.027,77.757,8.87,97.334,7.736,52.328,22.9,164.125,184.85,10.621,50.772,0.16,0.39999999999999997,0.36,0.0,0.37,0.08,0.0,0.0032990077395573
SAMN37257439,bir_dw2_1,100287615,Bir,dw,2,755.9,8.19,4.404,2.78,61.638,19.728,77.32,8.031,92.253,6.7,45.239,28.3,151.75,184.5,8.909,52.848,0.08,0.07,0.16999999999999998,0.0,0.17,0.61,0.0,0.0010975053714356
SAMN37257440,bir_dw2_2,128765945,Bir,dw,2,755.9,8.19,4.404,2.78,61.638,19.728,77.32,8.031,92.253,6.7,45.239,28.3,151.75,184.5,8.909,52.848,0.0,0.05,0.08,0.0,0.39,2.06,0.0,0.0017475770771458
SAMN37257441,bir_dw3_1,126451707,Bir,dw,2,832.9,8.22,4.192,2.788,76.615,19.153,78.357,9.44,115.322,8.424,51.784,21.6,172.0,204.05,9.727,50.304,0.0,0.1,0.3,0.0,0.09,4.81,0.0,0.0020245897590241
SAMN37257442,bir_dw3_2,98239126,Bir,dw,2,832.9,8.22,4.192,2.788,76.615,19.153,78.357,9.44,115.322,8.424,51.784,21.6,172.0,204.05,9.727,50.304,0.07,0.0,0.05,0.0,0.08,11.49,0.0,0.00268132685185
SAMN37257443,air_up2_2,106881083,Air,up,1,668.9,8.05,1.308,3.846,4.346,19.22,120.969,2.663,6.576,0.319,318.1,3.1,1.625,31.5,6.784,15.696,18.73,0.16,24.87,2.89,4.5600000000000005,22.3,0.0,0.0041792686880367
SAMN37257447,ehr_up1_1,121334114,Ehr,up,3,524.9,8.31,5.304,3.088,5.545,12.129,100.312,2.108,9.651,4.903,25.819,14.5,20.75,32.6,13.558,63.648,1.73,0.0,1.52,0.0,2.8699999999999997,7.04,0.0,0.0010975053714356
SAMN37257448,ehr_up1_2,112914361,Ehr,up,3,524.9,8.31,5.304,3.088,5.545,12.129,100.312,2.108,9.651,4.903,25.819,14.5,20.75,32.6,13.558,63.648,3.0700000000000003,0.03,4.13,0.0,3.01,7.579999999999999,0.0,0.0010975053714356
SAMN37257449,ehr_up2_1,115348494,Ehr,up,3,528.7,8.33,5.244,3.112,5.288,11.517,97.291,1.649,9.621,4.774,31.724,9.9,22.25,30.2,13.328,62.928,1.42,0.0,1.7399999999999998,0.0,3.9899999999999998,6.62,0.0,0.0010975053714356
SAMN37257450,ehr_up2_2,110769972,Ehr,up,3,528.7,8.33,5.244,3.112,5.288,11.517,97.291,1.649,9.621,4.774,31.724,9.9,22.25,30.2,13.328,62.928,1.44,0.19,2.28,0.0,2.5700000000000003,8.14,0.0,0.0010975053714356
SAMN37257451,ehr_dw1_1,122736787,Ehr,dw,3,561.9,8.19,5.02,3.038,13.083,12.044,98.97,3.373,18.69,6.572,34.161,11.3,31.875,51.8,13.948,60.24,3.19,0.28,2.36,0.0,2.49,7.6,0.0,0.0134655535908096
SAMN37257452,ehr_dw1_2,104779231,Ehr,dw,3,561.9,8.19,5.02,3.038,13.083,12.044,98.97,3.373,18.69,6.572,34.161,11.3,31.875,51.8,13.948,60.24,3.43,0.41000000000000003,2.17,0.0,2.14,8.03,0.08,0.0161625075597126
SAMN37257453,ehr_dw2_1,132327153,Ehr,dw,3,559.4,8.26,5.022,3.044,12.718,12.228,99.219,3.288,18.107,6.61,34.257,9.7,33.125,49.2,13.993,60.264,1.7799999999999998,0.18,1.0499999999999998,0.0,1.9100000000000001,8.06,0.07,0.0247158288525529
SAMN37257454,air_dw1_1,96648240,Air,dw,1,760.9,8.06,1.453,4.436,4.523,22.073,140.86,3.011,6.978,0.379,364.9,4.1,1.25,14.5,7.223,17.436,20.47,4.21,27.46,2.63,12.01,19.3,0.0,0.0046295723816012
SAMN37257455,ehr_dw2_2,113108621,Ehr,dw,3,559.4,8.26,5.022,3.044,12.718,12.228,99.219,3.288,18.107,6.61,34.257,9.7,33.125,49.2,13.993,60.264,0.16,0.06,0.38,0.0,0.63,4.37,0.0,0.0010975053714356
SAMN37257456,ehr_dw3_1,114284877,Ehr,dw,3,545.7,8.34,5.035,3.047,10.671,12.433,99.073,3.418,15.404,6.283,33.402,4.9,30.75,47.0,14.109,60.42,0.47,0.0,0.8600000000000001,0.0,0.95,3.64,0.11,0.0026334382138506
SAMN37257457,ehr_dw3_2,120758680,Ehr,dw,3,545.7,8.34,5.035,3.047,10.671,12.433,99.073,3.418,15.404,6.283,33.402,4.9,30.75,47.0,14.109,60.42,0.19,0.0,0.22,0.0,0.7,4.45,0.08,0.0029382854724825
SAMN37257465,air_dw1_2,120649798,Air,dw,1,760.9,8.06,1.453,4.436,4.523,22.073,140.86,3.011,6.978,0.379,364.9,4.1,1.25,14.5,7.223,17.436,16.22,5.84,18.75,1.63,13.87,17.55,0.0,0.0037450656586809
SAMN37257466,alt_up1_1,92491905,Alt,up,3,392.0,8.26,4.594,2.291,5.187,8.705,74.701,1.312,2.843,0.981,5.393,3.7,5.0,13.7,6.712,55.128,0.25,0.05,0.7100000000000001,0.0,0.52,1.31,0.0,0.0020333939873615
SAMN37257467,alt_up1_2,113332348,Alt,up,3,392.0,8.26,4.594,2.291,5.187,8.705,74.701,1.312,2.843,0.981,5.393,3.7,5.0,13.7,6.712,55.128,0.48,0.16,1.2000000000000002,0.0,1.12,1.4100000000000001,0.0,0.0016463381545506
SAMN37257468,alt_up2_1,120534157,Alt,up,3,424.6,8.13,4.836,2.485,4.891,8.155,83.656,1.93,2.943,1.028,11.943,11.0,6.875,18.7,7.107,58.032,2.65,0.07,0.9700000000000001,0.0,1.6600000000000001,3.37,0.0,0.0020183326589846
SAMN37257469,alt_up2_3,93114524,Alt,up,3,424.6,8.13,4.836,2.485,4.891,8.155,83.656,1.93,2.943,1.028,11.943,11.0,6.875,18.7,7.107,58.032,3.2199999999999998,0.0,1.01,0.0,4.66,7.71,0.0,0.0030870062664423
SAMN37257470,alt_dw1_1,106781940,Alt,dw,3,425.8,8.12,4.827,2.485,4.788,8.554,84.112,2.012,3.092,1.081,11.445,13.7,5.375,18.4,7.547,57.924,0.89,0.06,0.45,0.0,0.49,1.65,0.0,0.0016273151420622
SAMN37257471,alt_dw1_3,104205985,Alt,dw,3,425.8,8.12,4.827,2.485,4.788,8.554,84.112,2.012,3.092,1.081,11.445,13.7,5.375,18.4,7.547,57.924,2.42,0.2,1.39,0.0,0.6299999999999999,2.14,0.0,0.002195152480048
SAMN37257472,alt_dw2_1,111096339,Alt,dw,3,432.4,8.17,4.829,2.507,5.754,8.875,83.573,2.094,5.4,1.488,11.381,11.8,7.375,25.1,7.988,57.948,1.2,0.54,0.43,0.0,0.56,1.9,0.0,0.0151118175555869
SAMN37257473,alt_dw2_2,89908101,Alt,dw,3,432.4,8.17,4.829,2.507,5.754,8.875,83.573,2.094,5.4,1.488,11.381,11.8,7.375,25.1,7.988,57.948,1.36,0.33999999999999997,0.5900000000000001,0.0,0.72,2.04,0.07,0.0124446609161533
SAMN37257474,alt_dw3_1,69750333,Alt,dw,3,436.0,8.16,4.857,2.525,5.816,8.932,84.403,2.131,5.551,1.511,11.458,7.3,6.875,16.1,7.963,58.284,3.09,0.43,1.1500000000000001,0.0,1.17,2.5300000000000002,0.11,0.0205661312699735
SAMN37257475,alt_dw3_2,103118800,Alt,dw,3,436.0,8.16,4.857,2.525,5.816,8.932,84.403,2.131,5.551,1.511,11.458,7.3,6.875,16.1,7.963,58.284,5.18,0.35,1.81,0.0,2.15,2.48,0.07,0.0243091556931722
SAMN37257476,air_dw2_1,103204697,Air,dw,1,720.2,8.1,1.43,4.22,5.114,20.606,134.425,3.159,7.763,0.586,339.9,71.8,7.75,30.1,7.137,17.16,8.48,20.79,18.96,1.49,36.400000000000006,21.34,0.0,0.0073285671542732
SAMN37257487,air_dw2_2,98254319,Air,dw,1,720.2,8.1,1.43,4.22,5.114,20.606,134.425,3.159,7.763,0.586,339.9,71.8,7.75,30.1,7.137,17.16,16.040000000000003,5.47,25.189999999999998,1.73,3.55,18.580000000000002,0.0,0.0036582750895046
SAMN37257493,air_dw3_1,101795997,Air,dw,1,737.0,8.12,1.475,4.345,4.957,21.327,133.613,3.128,7.54,0.46,351.3,13.7,3.0,10.7,7.202,17.7,40.24,13.559999999999999,61.04,2.59,8.09,12.43,0.0,0.0051195180009892
